CustomerID,logistic_pred,logistic_proba,rf_pred,rf_proba,xgb_pred,xgb_proba,Actual
1777-JYQPJ,0,0.4894812302828716,0,0.41503505210065056,0,0.32758865,0
5804-HYIEZ,0,0.3096011202332763,0,0.2714867609896936,0,0.4757394,0
2969-WGHQO,0,0.11641226701940471,0,0.24009824672650068,0,0.06906886,0
7354-OIJLX,1,0.6967267668111526,1,0.5297746478379879,1,0.6894542,0
5201-USSQZ,0,0.2272037450400277,0,0.27844137095622645,0,0.15614428,0
0017-IUDMW,0,0.04302698647227861,0,0.1163691448895146,0,0.001378612,0
0599-XNYDO,0,0.39723214078756436,0,0.39457281536724714,0,0.11195165,0
2146-EGVDT,0,0.005163328135287443,0,0.04652237395184066,0,0.00043962433,0
3400-ESFUW,0,0.005854475099600841,0,0.10122829595343923,0,0.0051744767,1
1699-UOTXU,0,0.015086189759218074,0,0.17171064564765828,0,0.012956237,0
5813-UECBU,0,0.4028896103112586,0,0.34736674890210745,0,0.33306098,1
1231-YNDEK,0,0.009769065272908321,0,0.07232500001306912,0,0.0456809,0
9762-YAQAA,0,0.13616112604859124,0,0.2703960406087593,0,0.07133906,0
1585-MQSSU,0,0.12553379543621068,0,0.2678920410153242,0,0.0605269,1
4422-QVIJA,0,0.11448975474555934,0,0.2707290103671174,0,0.0056729224,0
9560-ARGQJ,0,0.4924252437802934,0,0.43780593043476457,0,0.08167724,1
2923-ARZLG,0,0.11166795352707334,0,0.1512808010474445,0,0.05430033,0
1047-RNXZV,0,0.009129528845346787,0,0.0581584941775918,0,0.0011294193,0
3957-SQXML,0,0.010773775949957874,0,0.044217418541645716,0,0.002444061,0
0743-HRVFF,0,0.12713763448094162,0,0.16858645707739292,0,0.088088736,0
3470-BTGQO,0,0.1321617492099311,0,0.2967535382293967,0,0.10173237,0
2460-FPSYH,0,0.29049681972658536,0,0.2898739114362738,0,0.12161897,1
5170-PTRKA,0,0.03588252408792392,0,0.13931623882553126,0,0.010776502,0
8949-JTMAY,1,0.5420320438174621,0,0.38685662103666024,1,0.6955774,1
9931-KGHOA,0,0.08387140115929333,0,0.22262591091387074,0,0.05559362,0
7191-ADRGF,0,0.05001924880460551,0,0.1767026247582434,0,0.31220675,0
5092-STPKP,0,0.05996515641067812,0,0.20861359197333978,0,0.051760014,0
5965-GGPRW,0,0.04966151802346056,0,0.17865050897788293,0,0.02254813,0
3199-XGZCY,1,0.684068733758987,1,0.5185260293481315,0,0.47961992,0
1536-YHDOE,0,0.07441490841681377,0,0.17653011017565362,0,0.04166914,0
0841-NULXI,1,0.7433202510732855,0,0.49697214502618414,1,0.9131772,1
9895-VFOXH,0,0.4937583224790562,0,0.43680340393779477,0,0.21964194,0
2824-DXNKN,0,0.0203311379604013,0,0.15479402466640685,0,0.004527213,0
3800-LYTRK,0,0.04563113955229926,0,0.1797062297456296,0,0.015680324,0
8785-CJSHH,0,0.4715313662583913,0,0.3733733921667777,0,0.43237755,0
6203-HBZPA,0,0.02177720389277383,0,0.09952999109746756,0,0.0042341943,0
2025-JKFWI,1,0.5695859678057991,0,0.39742314329996625,1,0.62343895,1
4377-VDHYI,0,0.1712206305059127,0,0.2521474319818627,0,0.08832868,0
8450-JOVAH,0,0.3249378273208824,0,0.3280808388300407,0,0.262118,1
4587-VVTOX,1,0.7695521086530956,0,0.4686770525043024,1,0.608531,1
0327-WFZSY,0,0.28487166163682687,0,0.25258709657686224,0,0.1829362,0
4298-OYIFC,1,0.6565659532588466,0,0.37402425055548766,1,0.8398511,0
2187-LZGPL,0,0.4540649515607291,0,0.3427779411363887,0,0.16880976,1
5334-AFQJB,0,0.01290569394867815,0,0.06296445951981909,0,0.00063013745,0
0164-XAIRP,0,0.01710882496521231,0,0.07083291232633135,0,0.009984815,0
0463-WZZKO,0,0.2737207993183776,0,0.16347492860578627,0,0.15883419,0
9962-BFPDU,0,0.16905487671001013,0,0.1949047507017777,0,0.31560344,0
8805-JNRAZ,0,0.34487595859307313,0,0.3842696512713237,1,0.5284342,0
0564-MUUQK,0,0.42122727364649937,0,0.2950293301297919,0,0.34494403,0
4501-VCPFK,0,0.19064902704153278,0,0.25329886498640375,0,0.22415137,0
5214-CHIWJ,0,0.027588171806183615,0,0.07011936492400508,0,0.029915893,0
5698-BQJOH,1,0.7100706769812773,1,0.5056025367258062,1,0.8701416,1
5108-ADXWO,1,0.516463808021146,0,0.4309164806064378,1,0.6959039,1
4947-DSMXK,0,0.4264983450136039,0,0.3055442618382501,0,0.31332707,0
5380-AFSSK,1,0.8318077226447763,1,0.543836166515638,1,0.97574073,1
3363-DTIVD,0,0.07104664013835296,0,0.20311750946060297,0,0.11024777,0
4521-WFJAI,0,0.014555466982564845,0,0.06768741945012803,0,0.0025761654,0
8510-AWCXC,1,0.6670473373419656,0,0.4730271739391318,1,0.7085494,1
8869-TORSS,0,0.033022069509252586,0,0.15799398651964064,0,0.0362447,1
7964-ZRKKG,0,0.16778061150846446,0,0.26971065231809505,0,0.15400188,0
6773-LQTVT,0,0.20253725911692028,0,0.2615892918622793,0,0.3682507,0
9668-PUGNU,0,0.016688517540339377,0,0.07691567948255908,0,0.00271485,0
9424-CMPOG,0,0.022602935874549614,0,0.06509606110738217,0,0.0034372855,0
9412-ARGBX,0,0.045946346574781076,0,0.16498940024895067,0,0.004672147,1
5816-SCGFC,0,0.33395731184106564,0,0.37588402361141426,1,0.74794716,0
4299-OPXEJ,0,0.009765992614951199,0,0.07196133725911748,0,0.008065702,0
2800-QQUSO,0,0.4963090537319954,0,0.36243734833811025,1,0.6271542,0
3768-VHXQO,0,0.007885276877816382,0,0.05033797513726515,0,0.005922046,0
9330-VOFSZ,0,0.08810059437729514,0,0.1674553485122324,0,0.027543051,0
5384-ZTTWP,0,0.06033900003721472,0,0.09000837201705181,0,0.09117661,0
9026-RNUJS,1,0.5120353374453512,0,0.43780809333748044,0,0.36110204,1
0516-OOHAR,0,0.16146716235722144,0,0.2043924094046586,0,0.11169239,0
9530-GRMJG,0,0.03984730991942623,0,0.14245915402162793,0,0.005674305,0
4160-AMJTL,0,0.17851372107457728,0,0.1311783146333475,0,0.038081005,1
0235-KGSLC,1,0.7291177116383588,1,0.5174591760290034,1,0.8898041,1
1471-GIQKQ,0,0.4227859785665225,0,0.4385015379170282,0,0.22322671,0
3794-NFNCH,0,0.17725336744858564,0,0.2883137239849774,0,0.044453565,0
5360-LJCNJ,0,0.1074601495914497,0,0.22832467117056493,0,0.096316494,0
9298-WGMRW,0,0.0546213973745031,0,0.14461185328769516,0,0.0045028557,0
9190-MFJLN,1,0.5889181824606123,0,0.42313533996348907,1,0.5568539,1
7901-TBKJX,1,0.5918740828904855,0,0.42626919838162075,1,0.59783006,0
0810-BDHAW,0,0.09719131251948818,0,0.1831697764871556,0,0.04445082,0
8000-REIQB,1,0.7811382844386388,1,0.5926234541029877,1,0.80884576,1
0778-NELLA,0,0.47017338398175795,0,0.362331256893142,0,0.32507154,1
1017-FBQMM,0,0.13789851063004907,0,0.19553564183319733,0,0.054995697,0
8929-KSWIH,0,0.08370088686489978,0,0.20045967929526198,0,0.036081187,0
9763-PDTKK,1,0.5791100528194879,0,0.38209850535232626,1,0.9249945,1
6682-QJDGB,0,0.07295389151134397,0,0.22635937851957447,0,0.080426425,1
9518-IMLHK,0,0.09511831060817783,0,0.19173251054637713,0,0.07139907,0
7623-TRNQN,0,0.34908142645189516,0,0.3641932231903867,0,0.08902404,1
1094-BKOSX,0,0.04687612866325963,0,0.1262400361129746,0,0.05259873,0
3251-YMVWZ,0,0.02365104166125233,0,0.07145983312417167,0,0.05454497,0
5539-HIVAK,0,0.0824513723816097,0,0.09126148066860494,0,0.04539895,0
4223-WOZCM,0,0.45003983083199683,0,0.41741210585130406,1,0.64609003,0
5364-XYIRR,1,0.5528791715685666,0,0.4157601532628716,1,0.8490356,1
0121-SNYRK,0,0.04878949247560856,0,0.16547354609295253,0,0.00513014,0
1833-TCXKK,0,0.45813428225558095,0,0.30616088751913473,0,0.24408665,0
6563-VRERX,0,0.019365948199235906,0,0.058441737883232384,0,0.0015218491,0
7279-BUYWN,1,0.5013571826472919,0,0.31994947881220825,0,0.41144896,1
6508-NJYRO,0,0.041469834572224154,0,0.07586934091152982,0,0.00069970114,0
9779-DPNEJ,0,0.4945222689576964,0,0.40862844967140755,0,0.46565443,0
0423-UDIJQ,0,0.21270541050680453,0,0.2980514360986216,0,0.16252631,0
9928-BZVLZ,0,0.04532161490670117,0,0.15884958357882167,0,0.009224135,0
7808-DVWEP,0,0.193711917888466,0,0.1497158385091992,0,0.14510787,0
1096-ADRUX,0,0.12258858054274746,0,0.2746635891513956,0,0.30837837,0
3733-UOCWF,0,0.1264372338662042,0,0.22330743064722725,0,0.009207564,0
8347-GDTMP,0,0.0055993941780368905,0,0.053199382906333664,0,0.0018089026,0
9824-BEMCV,0,0.4464740637999902,0,0.40691888593799064,0,0.42877114,1
0052-YNYOT,0,0.01772696995074299,0,0.08160291561825675,0,0.0081472965,0
8433-WXGNA,1,0.6932864180513328,0,0.49511674551819007,0,0.11580553,1
4988-IQIGL,1,0.8408391560142179,1,0.6089821696000807,1,0.922151,1
9948-YPTDG,0,0.2618531651288178,0,0.3162029717232586,0,0.23588738,1
1894-IGFSG,1,0.5054953886847646,0,0.44203099692127784,0,0.14825164,1
2866-IKBTM,0,0.20548789363075123,0,0.21803478952111222,0,0.24117382,0
2088-IEBAU,0,0.03474187460980941,0,0.14145164029702278,0,0.0028143039,0
6608-QQLVK,1,0.5910374861994605,0,0.4746947074016937,1,0.69347113,1
5567-GZKQY,0,0.006463934672715016,0,0.05697515040333467,0,0.058169894,0
5574-NXZIU,0,0.03093824976380798,0,0.1335895414784041,0,0.11384522,0
2202-OUTMO,0,0.10412754252672307,0,0.1978164633716127,0,0.03132967,0
6726-NNFWD,0,0.04850603030276214,0,0.2144623527282241,0,0.049320586,0
8650-RHRKE,1,0.6843776364366184,0,0.46010912744342525,1,0.74257594,1
8645-KWHJO,0,0.47163351042542273,0,0.3073077414809342,1,0.5509714,0
8701-DGLVH,0,0.00782004376136686,0,0.05847436064671786,0,0.010095927,0
7234-KMNRQ,0,0.20422719950550214,0,0.15339563382617027,0,0.0404607,0
5751-USDBL,0,0.015579867116911122,0,0.10686515291890844,0,0.0047467584,0
9788-YTFGE,0,0.17539539819945074,0,0.1308563758405461,0,0.05755589,0
5331-RGMTT,1,0.5049030940899055,0,0.36225956052107927,1,0.8865031,0
2608-BHKFN,1,0.6587532708247072,0,0.4951303608602843,1,0.5755529,1
9025-ZRPVR,0,0.17230342821232297,0,0.13217328354815258,0,0.021362461,1
8566-YPRGL,0,0.28011033829798637,0,0.2337423121754344,1,0.812883,0
3692-JHONH,0,0.38194603758251616,0,0.2850025384514072,0,0.39780945,0
8970-ANWXO,0,0.1834433611840746,0,0.2457765737502347,0,0.08776673,0
2959-MJHIC,1,0.7882607306330307,1,0.5205612016890918,1,0.79880685,1
9207-ZPANB,0,0.04889163616853305,0,0.14787477692910317,0,0.057580832,0
4628-WQCQQ,0,0.2462668443439235,0,0.2904980641552743,0,0.096210755,1
1174-FGIFN,0,0.2574126643234347,0,0.24940899539358768,0,0.13781367,0
3896-RCYYE,0,0.16661934146841145,0,0.22832523923389736,0,0.0999709,0
9674-EHPPG,0,0.0158415213821194,0,0.1272604220220709,0,0.010496483,0
4018-PPNDW,0,0.010792342309606717,0,0.04757263676837369,0,0.000742262,0
2977-CEBSX,0,0.024075053221369713,0,0.12313361935160494,0,0.006443323,0
9087-EYCPR,0,0.00909623311583981,0,0.05521433735626614,0,0.004046528,0
9278-VZKCD,0,0.4671285559009901,0,0.2973616428140831,0,0.35562283,0
5197-YPYBZ,0,0.01860588249810406,0,0.05834242018454195,0,0.010078243,0
3470-OBUET,0,0.008313123561463156,0,0.09634971281140248,0,0.061494835,0
4430-YHXGG,0,0.2813854086579487,0,0.13854977321990625,0,0.030777302,0
4667-OHGKG,0,0.2905483901120735,0,0.23046552034741324,0,0.29591557,1
6195-MELTI,0,0.03691425824058773,0,0.18890543026602008,0,0.04963236,0
5035-BVCXS,0,0.4891134821701916,0,0.449897288233097,0,0.40664548,0
7853-WNZSY,0,0.2781936674182356,0,0.21893128191594838,0,0.2627146,0
2171-UDMFD,0,0.05664178715962866,0,0.07600260666660691,0,0.009759906,0
6825-UYPFK,0,0.3647805791594272,0,0.38340681036198376,0,0.02841179,1
2309-OSFEU,0,0.4997981322919188,0,0.37134260595870044,0,0.35034853,1
7251-XFOIL,0,0.2933301137041871,0,0.35653402242604054,0,0.034289867,0
7503-MIOGA,0,0.026828336913194792,0,0.11720620494114867,0,0.0013703887,0
8409-WQJUX,0,0.15943088243821085,0,0.19931448505766394,0,0.06602588,0
1816-FLZDK,0,0.41678698546027515,0,0.37503206696388247,0,0.37971678,0
1568-BEKZM,0,0.018898002531308293,0,0.10701255893186339,0,0.0041768476,0
7488-MXJIV,1,0.832302577480966,1,0.5599934357592689,1,0.85740256,1
3908-BLSYF,1,0.6073339044865307,0,0.44377795174769064,1,0.6938055,1
9184-GALIL,0,0.03409733192875916,0,0.07455117799781477,0,0.008433839,0
3893-JRNFS,0,0.18917795995511133,0,0.2911048250408634,0,0.26540643,0
6968-URWQU,0,0.09032813320522702,0,0.24065172721753642,0,0.17582744,0
5404-GGUKR,1,0.5197304824040964,0,0.43604160667191594,0,0.4145776,0
1261-FWTTE,0,0.3983616805969148,0,0.3536290889766001,1,0.6659202,0
5609-CEBID,1,0.6574681349523058,0,0.44166064456978693,1,0.52300996,1
9888-ZCUMM,0,0.024956782109386517,0,0.11050012338998347,0,0.014761116,0
2208-NQBCT,0,0.17147723512651078,0,0.27535036521223855,0,0.20678253,0
5445-GLVOT,0,0.20373499863173447,0,0.3311376500775218,1,0.5299333,0
9867-NNXLC,0,0.1008775045372644,0,0.1165716030822377,0,0.010297021,0
5365-LLFYV,0,0.48562683492473946,0,0.43559164401967293,1,0.78094584,0
6651-AZVTJ,1,0.518659616477252,0,0.3535925375945621,1,0.80587375,1
9592-ERDKV,0,0.09626109298421907,0,0.17018288668210016,0,0.056527887,0
0604-THJFP,0,0.01980838411949831,0,0.13304139629693498,0,0.006627939,0
1697-NVVGY,0,0.17043202615162004,0,0.27369493137992856,0,0.08380134,0
0354-VXMJC,0,0.011622607467910507,0,0.0578125261271266,0,0.0007946327,0
3179-GBRWV,0,0.20693257494471543,0,0.2640444890962591,0,0.33370084,0
6900-RBKER,0,0.12801606489812226,0,0.27505813028507736,0,0.04449252,0
4523-WXCEF,0,0.37612819885604726,0,0.34394513228578844,0,0.22376147,1
7855-DIWPO,0,0.4822676205527266,0,0.4390206020507458,0,0.46133035,0
2683-BPJSO,0,0.36634318202474436,0,0.3183466814902911,0,0.41208288,1
6372-RFVNS,1,0.7153249464095499,1,0.5345173521430707,1,0.94197136,1
1925-LFCZZ,0,0.17281381126859982,0,0.23998477325059805,0,0.049473684,0
3090-QFUVD,0,0.19546573031602477,0,0.19772676909176376,0,0.10113177,0
2188-SXWVT,0,0.0331845822867197,0,0.17419426061776874,0,0.014593464,0
7779-LGOVN,1,0.7807172853585527,1,0.5105536541119853,1,0.7670748,1
3422-WJOYD,0,0.03097240375799737,0,0.14870929840104177,0,0.008455044,0
6734-PSBAW,0,0.011240816572835146,0,0.06279978622375104,0,0.00032384653,0
2172-EJXVF,0,0.321248909157714,0,0.2987259916320653,0,0.21572103,0
0013-EXCHZ,1,0.6872583466122523,0,0.4499155939337566,1,0.778221,1
3594-IVHJZ,0,0.2772499885434951,0,0.17719303017542223,0,0.024093663,0
4929-XIHVW,1,0.8157029208287028,0,0.49370946900921303,1,0.94968915,0
8809-XKHMD,0,0.04228064383047403,0,0.15611541633403742,0,0.01451337,0
9128-CPXKI,0,0.09959278737683291,0,0.2864346267643252,0,0.038014676,0
1678-FYZOW,1,0.7860616157272856,1,0.5556851767534797,1,0.64621097,1
5375-XLDOF,0,0.046837215422775434,0,0.12440229985476439,0,0.013533397,0
5730-RIITO,0,0.13613732544287227,0,0.2574341523672644,0,0.36448678,0
0420-BWTPW,0,0.2916687489166646,0,0.310360909954216,0,0.04760965,1
1952-DVVSW,0,0.056621744900130236,0,0.08815604962968729,0,0.078257725,0
5196-SGOAK,1,0.7188773612247494,1,0.5700889402816963,1,0.84984434,1
4927-WWOOZ,1,0.850762342123325,1,0.5223751109427142,1,0.9766967,0
0455-ENTCR,0,0.02282850239319695,0,0.12821394344228984,0,0.1079125,0
7139-JZFVG,0,0.008344545994165084,0,0.1297529378398138,0,0.0046956707,0
8722-NGNBH,0,0.33214123461189266,0,0.25846839137181815,0,0.12241378,1
5804-JMYIO,0,0.0072429307303961705,0,0.04883483349784161,0,0.006008062,0
9114-AAFQH,0,0.10952068718998416,0,0.24916055207490867,0,0.1319765,0
8514-VZHEB,0,0.005388244626550859,0,0.047746266095203875,0,0.004653928,0
1349-WXNGG,0,0.20570483181317573,0,0.2040151650044115,0,0.112397835,1
5863-OOKCL,0,0.10914681646079108,0,0.11736224006233391,0,0.0028645778,0
5716-EZXZN,0,0.03175454734835577,0,0.13377259970873814,0,0.08856843,0
5697-GOMBF,0,0.32861657289754004,0,0.3191712054530537,0,0.21154466,0
1543-LLLFT,0,0.17387959766844321,0,0.20584827453784013,0,0.009707345,0
2369-FEVNO,0,0.28979856988505925,0,0.23268652197296924,1,0.7050714,0
2528-HFYZX,1,0.502156374432005,0,0.44762536064942227,0,0.32538888,1
4415-IJZTP,1,0.8105004357638107,1,0.5949186194677164,1,0.88275826,1
2606-RMDHZ,0,0.40028350793332634,0,0.3549994599132093,0,0.31812626,1
0979-PHULV,0,0.35889213687322535,0,0.31866827115172264,1,0.7227504,1
7567-ECMCM,0,0.4119868509203128,0,0.40152106035937296,0,0.33486286,0
7636-PEPNS,0,0.043690209191259995,0,0.2219021870247938,0,0.09337309,0
1226-IENZN,1,0.6256155287363536,0,0.49532324585549503,0,0.45558336,0
6223-DHJGV,0,0.030384354666696412,0,0.07416996025335648,0,0.0075243427,0
6164-HXUGH,0,0.09638064096276067,0,0.10429840517210279,0,0.3344524,0
8165-CBKXO,0,0.04103094317838018,0,0.16943852856283606,0,0.09695571,0
3858-VOBET,1,0.5690369212955666,0,0.4665489024690276,0,0.45407388,1
3173-NVMPX,0,0.30685704357381227,0,0.32168747829165284,0,0.17091297,0
2058-DCJBE,1,0.7461376721606692,1,0.5426789543363101,1,0.67654335,1
1614-JBEBI,0,0.15774027962490814,0,0.13327756148637554,0,0.026666204,0
9402-ROUMJ,0,0.09224322902964639,0,0.17034859478434924,0,0.29411754,0
9286-BHDQG,0,0.006975676461881798,0,0.09161916101292267,0,0.0049562003,0
1078-TDCRN,1,0.6577012268937054,0,0.45802007697113084,1,0.87216604,0
9574-BOSMD,0,0.006155597088915503,0,0.04337942290860923,0,0.0021336582,0
1205-WNWPJ,0,0.29492479412195777,0,0.32590248484476575,0,0.20862626,1
1432-FPAXX,0,0.26035518817676456,0,0.33766752798249294,0,0.21747097,1
5482-VXSXJ,1,0.5056674565156647,0,0.4421206573497448,1,0.7990858,0
3148-BLQJT,0,0.21320738379896173,0,0.21753869061613862,0,0.46757987,1
1867-BDVFH,1,0.6369172394916535,0,0.43896358326014423,1,0.7780715,1
8008-HAWED,1,0.5602126043863997,0,0.39275521143232445,1,0.691125,1
9040-KZVWO,0,0.12089602498861997,0,0.26421874843806775,0,0.019578421,0
3334-CTHOL,1,0.5564045568858155,0,0.4542737334786196,0,0.18892181,1
0488-GSLFR,1,0.7518762203437115,1,0.5789127787894411,1,0.9581625,1
7486-KSRVI,0,0.3190487250913663,0,0.2922094761369584,0,0.37828222,1
6278-FEPBZ,0,0.11391468854050979,0,0.11924858548854025,0,0.072387114,0
2325-WINES,0,0.3205821075126491,0,0.27591956411020296,0,0.19839437,0
6784-XYJAE,0,0.1054536548073312,0,0.2560193465458857,0,0.05507386,0
1644-IRKSF,0,0.3069601646431057,0,0.28058699609454235,0,0.3397413,1
1682-VCOIO,0,0.03567078617692331,0,0.08130328181459441,0,0.0028221644,0
4737-AQCPU,0,0.006742156344736166,0,0.0972576785911757,0,0.009117927,0
7394-FKDNK,1,0.6374704260870909,0,0.4721859428660627,1,0.7505348,1
0123-CRBRT,0,0.014789823498994941,0,0.08684408205470132,0,0.0010137357,0
5893-PYOLZ,0,0.02907799769539872,0,0.16128668156983456,0,0.006291705,0
9531-NSBMR,0,0.03133619015053757,0,0.07708095128546363,0,0.0043400694,0
1221-GHZEP,0,0.015715016085967336,0,0.1522460120377585,0,0.0019681912,0
1895-QTKDO,0,0.36994223358696193,0,0.42309571622254866,0,0.2948992,0
6770-XUAGN,0,0.29769057167237317,0,0.21282521651523165,1,0.7606657,1
6617-WLBQC,0,0.1274115199932991,0,0.21672764324172597,0,0.04839345,0
5696-CEIQJ,0,0.033319780932653635,0,0.13990856078941946,0,0.16337548,0
5803-NQJZO,0,0.013219520811258012,0,0.11618895434733491,0,0.0009701914,0
0748-RDGGM,0,0.09061369631731388,0,0.17324776376857776,0,0.27455828,1
0404-SWRVG,1,0.8146729637131276,1,0.5653441516114752,1,0.8357018,1
2307-FYNNL,0,0.11797427716857561,0,0.20184272050209834,0,0.15374136,0
0761-AETCS,0,0.26519050520740306,0,0.22198275377907886,0,0.039568603,1
9717-IOAAF,0,0.01934296571329844,0,0.056790723716520455,0,0.057865713,0
4067-HLYQI,0,0.2990231265751781,0,0.3794978017183208,0,0.45551166,0
0040-HALCW,0,0.005521772572653043,0,0.046915613287871964,0,0.009777508,0
1335-MXCSE,0,0.015833507070591186,0,0.1546102361989924,0,0.014946559,0
3082-VQXNH,0,0.4459287662644502,0,0.36497664676738184,0,0.19752347,0
1293-BSEUN,0,0.006099188720061218,0,0.052220487827262234,0,0.00024759685,0
5397-TUPSH,0,0.13420030930318957,0,0.2988029719519327,0,0.20367153,0
2649-HWLYB,0,0.015740708690869066,0,0.12418552531742376,0,0.10240262,0
1658-TJVOA,1,0.5656255200130708,0,0.4493095479975366,1,0.7708128,0
6848-HJTXY,0,0.005576934293912645,0,0.05309800299846841,0,0.002261538,0
9444-JTXHZ,1,0.6908356038820004,1,0.5153022833857598,1,0.8829398,1
8402-EIVQS,0,0.11875746718474943,0,0.2185017708455436,0,0.36613134,0
4835-YSJMR,0,0.024161097123195918,0,0.18252046023164378,0,0.0077437228,0
2227-JRSJX,0,0.38724150610043395,0,0.3546144555859552,1,0.81455386,0
9209-NWPGU,0,0.04175575324089662,0,0.1760129119139725,0,0.049682237,0
5382-SOYZL,1,0.6996500221395883,0,0.49441051289750204,1,0.6424948,0
0547-HURJB,0,0.06265707197045385,0,0.09172520324790544,0,0.05316835,0
9944-AEXBM,0,0.46529633359507094,0,0.39221953099564905,0,0.401198,0
2842-BCQGE,0,0.34643377745736675,0,0.3854701443959141,0,0.44464347,0
1447-GIQMR,1,0.761735077504587,1,0.5538647894634701,1,0.948893,1
5133-POWUA,0,0.4931004045286295,0,0.45035705259714914,1,0.60705227,0
8174-TBVCF,0,0.022839160963774762,0,0.1122544912383911,0,0.003206869,0
7952-OBOYL,1,0.6654417204487476,0,0.4329500085186473,1,0.75784737,0
8788-DOXSU,0,0.0802762863357209,0,0.23065033865464601,0,0.12608714,0
4846-WHAFZ,0,0.4931146927460196,0,0.42645715954605257,1,0.75710326,1
4623-ZKHLY,0,0.10080390202999794,0,0.10795919676861976,0,0.0122022405,0
5366-OBVMR,0,0.1682400032566969,0,0.28045393959920284,0,0.056190003,0
0733-VUNUW,0,0.17323434162602563,0,0.26626424409578175,0,0.04185499,1
7641-TQFHN,0,0.07500207921373213,0,0.1959055507591234,0,0.020297047,0
6892-XPFPU,1,0.6607381542089489,0,0.3869135015726856,1,0.543471,1
3679-XASPY,0,0.22148411275723795,0,0.19713390386774945,0,0.35881856,0
6288-CHQJB,0,0.009965829091086526,0,0.10701239813332357,0,0.007191881,0
6701-DHKWQ,0,0.01488264571859589,0,0.1121292882584505,0,0.0140427025,0
2511-MORQY,0,0.05074950812800989,0,0.18421283344875,0,0.073298454,0
5930-GBIWP,0,0.018818381029751786,0,0.12989759115456295,0,0.0052046305,0
6134-KWTBV,0,0.008824758627867232,0,0.05642250146996229,0,0.0040109465,0
7762-ONLJY,0,0.04709458342678699,0,0.08605944710178777,0,0.011227449,0
8495-PRWFH,0,0.21037483482187944,0,0.3294468590566138,1,0.5210861,0
0654-HMSHN,1,0.5276706907383394,0,0.35186210048433075,0,0.1793299,1
8294-UIMBA,0,0.20288560817133636,0,0.2686817777588615,0,0.32942122,0
8378-LKJAF,0,0.4617452560840859,0,0.32230350905772004,0,0.43002316,0
8496-EJAUI,0,0.36689814422537875,0,0.4007778920447324,1,0.5900672,1
3235-ETOOB,1,0.5297183994243182,0,0.4303411133415909,0,0.44035056,1
4717-GHADL,0,0.04263104179814543,0,0.16139128143293813,0,0.0038160146,0
7663-RGWBC,0,0.49560284505279356,0,0.45035705259714914,0,0.4170702,1
9364-YKUVW,0,0.11716712127828684,0,0.11798180753785648,0,0.06192178,0
6435-VWCCY,0,0.06827758540925136,0,0.19936340728788404,0,0.25850075,0
5495-GPSRW,0,0.02515328512981272,0,0.08274144647894684,0,0.010365999,0
4660-IRIBM,0,0.3417650509264394,0,0.3179724275160331,0,0.24577662,0
7495-OOKFY,1,0.597200179400547,0,0.4496929630957079,1,0.8120877,1
3658-KIBGF,0,0.4292404179368747,0,0.4159030464216276,0,0.45370194,1
6893-ODYYE,0,0.06899194201911889,0,0.17666621449168832,0,0.016581643,0
5949-XIKAE,1,0.5676939007424292,0,0.4233560856445622,1,0.58777183,1
8272-ONJLV,0,0.39434925380758834,0,0.3736539709904508,0,0.35198206,0
3858-XHYJO,0,0.18348628586085458,0,0.21114216405536354,0,0.18575504,0
6270-OMFIW,0,0.24124311749475597,0,0.31020434148251286,0,0.3708209,1
3181-MIZBN,0,0.08604529637433828,0,0.11126447348916153,0,0.2453861,0
8212-DJRCH,1,0.6231962692867321,0,0.40166198400095415,1,0.5241078,0
5062-CJJKH,0,0.04911956334420442,0,0.1797668720278965,0,0.15191346,0
4955-VCWBI,0,0.01528319185009726,0,0.058845661777180924,0,0.012265936,0
7649-SIJJF,0,0.01940269300601317,0,0.11652681659733038,0,0.0013414889,0
4223-BKEOR,0,0.0655066387969929,0,0.18215121688843172,0,0.054716095,0
0807-ZABDG,0,0.24895891176073554,0,0.300317991055529,0,0.2723135,1
1965-DDBWU,0,0.4898956380298793,0,0.36398175314403486,0,0.2047471,1
1945-XISKS,0,0.005673745798616447,0,0.051707115381941754,0,0.0005220969,0
9588-YRFHY,0,0.01163630994583546,0,0.06406417221168703,0,0.0026450797,0
3030-YDNRM,1,0.6951468077210239,1,0.5194914386476281,1,0.7635845,0
4873-ILOLJ,1,0.5630344180802634,0,0.4484165145782123,0,0.36792707,1
5825-XJOCM,0,0.04738894324402562,0,0.1566681012003923,0,0.010612773,0
5780-INQIK,0,0.2363503655147606,0,0.33090701897102504,0,0.3288754,0
4295-YURET,0,0.01980619148909182,0,0.1349167419305158,0,0.016662398,0
6861-XWTWQ,1,0.832138799865557,1,0.5162289870108141,1,0.9644018,1
6646-QVXLR,0,0.3611300768790311,0,0.2928265780737858,0,0.29632792,1
1431-AIDJQ,0,0.021371494772460333,0,0.11448557288927003,0,0.00954352,0
6705-LXORM,1,0.683328932148727,0,0.49076429102777147,0,0.37467766,0
8436-BJUMM,1,0.50040287388059,0,0.38032232835324253,0,0.4935093,1
7854-EKTJL,0,0.29122215879936586,0,0.1741248960394076,0,0.116730206,1
8398-TBIYD,0,0.03357081662822307,0,0.20418114554582678,0,0.004479732,0
5351-QESIO,0,0.4471455047224301,0,0.40737046263057697,1,0.5534981,0
3472-OAOOR,0,0.17281295247862674,0,0.23746305169980475,0,0.044808924,0
0719-SYFRB,0,0.18844916907486903,0,0.2411191685583559,0,0.1464524,1
3587-PMCOY,0,0.49469388760275695,0,0.37368266305137604,0,0.15544713,0
6712-OAWRH,1,0.5799908289040552,0,0.4546033903935538,1,0.55020726,1
6710-HSJRD,0,0.41304306175909705,0,0.2794383351394784,0,0.34490618,0
4962-CHQPW,0,0.020330754824581302,0,0.06520961834358965,0,0.0012851898,0
1139-WUOAH,0,0.03365934370112699,0,0.13749022150899556,0,0.014651258,0
8262-COGGB,0,0.2891122419357805,0,0.22892701933177306,0,0.3885639,0
8690-UPCZI,0,0.041052402390596175,0,0.13266414089578016,0,0.005038329,0
6603-YRDCJ,0,0.016399214038829737,0,0.12352400453089105,0,0.029785978,0
8241-JUIQO,0,0.014221548581422713,0,0.06866813736050345,0,0.008938433,0
8734-FNWVH,0,0.16246580022445575,0,0.24268841812218664,0,0.03625267,0
6650-BWFRT,0,0.05411494474993976,0,0.13708332767646295,0,0.010275389,0
2685-SREOM,1,0.5401118767476586,0,0.36347829854464697,1,0.7626508,1
0147-ESWWR,1,0.5349066695419595,0,0.36341995959953743,1,0.7202233,0
2178-PMGCJ,0,0.40301520387737994,0,0.41818437606800396,0,0.18143126,0
2055-PDADH,1,0.7740491275373663,1,0.5556523655015423,0,0.44056404,1
9374-YOLBJ,0,0.2216934193699087,0,0.19713390386774945,0,0.08855763,0
4283-FUTGF,1,0.6376067133441891,0,0.46493751812002015,1,0.65940505,1
2478-EEWWM,0,0.3181718239360446,0,0.33832898302122755,1,0.6691195,0
2252-JHJGE,0,0.20629728756835322,0,0.2445843900266803,0,0.42462873,0
9054-FOWNV,1,0.5854515385925134,0,0.4071109221574428,1,0.61944515,0
0581-MDMPW,0,0.47546077934045977,0,0.3804395699352554,0,0.100644276,0
4667-QONEA,0,0.03061140866636538,0,0.13105796093673455,0,0.0745393,0
3836-FZSDJ,0,0.00914336680096177,0,0.050276089304503106,0,0.0057282774,0
5876-HZVZM,0,0.12539560417694898,0,0.2418377022816456,0,0.043248594,1
6461-PPAXN,0,0.030293608206404688,0,0.15072070104564614,0,0.01705928,0
9803-FTJCG,0,0.02198712132928949,0,0.13228631242446776,0,0.022592606,0
4115-UMJFQ,0,0.06379743221624078,0,0.21985668412660492,0,0.2208716,0
6497-TILVL,0,0.14629608091593713,0,0.25349136138570055,0,0.18608944,0
0310-MVLET,0,0.40919913046340206,0,0.3297452983729779,0,0.34436423,1
5204-HMGYF,0,0.04073893130570709,0,0.11754926955933195,0,0.020291073,0
0048-PIHNL,0,0.016379206382125446,0,0.06437519147473562,0,0.06139868,0
2091-MJTFX,0,0.14968768457734818,0,0.18673497863502006,0,0.03805736,1
1131-SUEKT,0,0.10861804745419573,0,0.20253251948088444,0,0.11693196,0
6898-MDLZW,0,0.1675415194359709,0,0.2769968314285705,0,0.11598734,0
5760-FXFVO,0,0.49878837928684644,0,0.4161465253082875,0,0.31713286,0
7113-HIPFI,0,0.0054444100539133055,0,0.09798119049189266,0,0.00090738415,0
4335-UPJSI,0,0.00956362481712278,0,0.05200242784211504,0,0.013552622,0
8709-KRDVL,1,0.5655353776905584,0,0.42063525881143576,1,0.6588577,0
8204-YJCLA,0,0.022650931330059732,0,0.09994961428150448,0,0.0005206669,0
3847-BAERP,0,0.16456034091010582,0,0.12842854946554533,0,0.020041283,0
2272-JKMSI,0,0.20117762866151626,0,0.18654898930850405,0,0.011297109,0
1226-JZNKR,0,0.06538060901592778,0,0.09065139784931402,0,0.12413253,0
3331-HQDTW,0,0.4003232251408232,0,0.2806634892929409,0,0.114422925,1
2057-ZBLPD,1,0.6381318460248749,0,0.453530797548998,0,0.45431066,1
0506-LVNGN,1,0.7030901542775022,0,0.48655938870462656,1,0.5355091,1
6080-LNESI,0,0.011085261961128485,0,0.0570922372729952,0,0.0033616165,0
4818-DRBQT,0,0.3625717384415469,0,0.337187039137149,0,0.26293656,1
7795-CFOCW,0,0.036202610011689826,0,0.12724620160340247,0,0.0099247545,0
9048-JVYVF,1,0.6035678212946305,0,0.39695885462182623,0,0.31381094,1
9334-GWGOW,1,0.730977310318852,1,0.512039675015614,1,0.8513337,0
0816-TSPHQ,0,0.21222568854298415,0,0.1641093515150884,0,0.021512402,0
8728-SKJLR,0,0.2885441527201458,0,0.34125415829389794,0,0.4683033,0
0963-ZBDRN,0,0.44541783265240625,0,0.35452224237111424,0,0.35586157,1
2338-BQEZT,0,0.0769283008172107,0,0.2601452825235085,0,0.048096113,0
5844-QVTAT,0,0.04285643358523147,0,0.15727186953622777,0,0.059720453,0
9355-NPPFS,1,0.526086335132016,0,0.45066385484076704,0,0.37027422,0
4012-YCFAI,0,0.01086669998614343,0,0.11956320544267934,0,0.0012400505,0
1707-HABPF,0,0.18651245867277233,0,0.26756906375349493,0,0.032989904,0
2737-YNGYW,1,0.7349506660757347,1,0.5390628845374096,1,0.73431253,1
2251-PYLPB,0,0.012296868177169198,0,0.10406994976096126,0,0.0016025138,0
7629-WIXZF,0,0.22885015712471127,0,0.29363605086556244,0,0.09848884,0
8085-MSNLK,0,0.04354771753144934,0,0.12272768379837007,0,0.012905886,0
5482-NUPNA,0,0.26935619163442476,0,0.2911570695282692,0,0.20573242,1
2609-IAICY,1,0.8080186307303079,1,0.5976174795009438,1,0.9726839,1
0475-RIJEP,0,0.40705800325680064,0,0.41395346362229946,0,0.4981032,1
5469-NUJUR,0,0.025055862922375008,0,0.08744912429606373,0,0.004586913,0
1600-DILPE,0,0.23238884418101388,0,0.35110430193204906,0,0.1580406,0
8414-MYSHR,1,0.8547769483370938,1,0.5595793517803882,1,0.80782145,1
3680-CTHUH,0,0.13949287586669878,0,0.17555547083329043,0,0.051093984,0
4524-QCSSM,0,0.20322566427711916,0,0.2458430322045483,0,0.22530285,0
3143-JQEGI,0,0.48704972176399,0,0.40025619572793647,0,0.3694717,1
5419-KLXBN,0,0.30338885248328173,0,0.2916138850336139,0,0.4176833,1
5702-KVQRD,0,0.02768622448063614,0,0.15700399850148566,0,0.01176049,0
6292-TOSSS,0,0.010717392349864302,0,0.057290805142470556,0,0.018157957,0
7404-JLKQG,1,0.523838210417567,0,0.4181476825353341,1,0.5063816,0
7109-MFBYV,0,0.16791773046027875,0,0.3461351892841272,0,0.16421779,0
3487-EARAT,0,0.015185952270951715,0,0.11828207206345275,0,0.046894174,0
8917-SZTTJ,0,0.00497741859859956,0,0.04704140217473504,0,0.0029047248,0
3642-BYHDO,0,0.00394748087558768,0,0.048944289568015435,0,0.0021266069,0
9435-JMLSX,0,0.016599538352635577,0,0.12142672655583125,0,0.0031683228,0
4892-VLANZ,0,0.2135128805285401,0,0.21618325847452113,0,0.4625868,1
4693-VWVBO,0,0.25998519265782466,0,0.1637741426145144,0,0.029995926,0
0689-DSXGL,0,0.09687420060604342,0,0.1926309257265069,0,0.25103205,0
3612-YUNGG,0,0.06956513981538644,0,0.14524865587873392,0,0.07054146,0
1936-CZAKF,0,0.04250428237447957,0,0.183998146050256,0,0.057069037,0
7270-BDIOA,1,0.5285895698990357,0,0.40010643077933034,1,0.6133538,1
7492-TAFJD,0,0.052369998363775115,0,0.1806786642474305,0,0.00423119,0
3506-OVLKD,0,0.03194044544240289,0,0.07336087604727824,0,0.030256307,0
4154-AQUGT,0,0.4192159360004387,0,0.35231451681653636,1,0.5837995,1
6877-LGWXO,1,0.5224010483526076,0,0.4397314678897077,1,0.5287731,1
1976-AZZPJ,0,0.23867413855275307,0,0.26012207045531616,0,0.036102872,0
9481-SFCQY,0,0.23368959761453792,0,0.3076374397177903,0,0.19279829,0
6715-OFDBP,1,0.695827191319968,0,0.460501587195206,0,0.3248012,1
2159-TURXX,0,0.1907459495071526,0,0.1461297594754284,0,0.16783026,0
2325-NBPZG,1,0.6697785998593253,0,0.4851488388404268,0,0.2790016,0
8593-WHYHV,1,0.8561037101051582,1,0.5660662403844562,1,0.8886953,1
4656-CAURT,0,0.007929873197109083,0,0.05645062835565065,0,0.0026310545,0
3523-QRQLL,0,0.12661534440517544,0,0.23991028930373734,0,0.3626265,1
0484-FFVBJ,0,0.13465063926223578,0,0.24432814732784347,0,0.16813159,0
6874-SGLHU,0,0.2513582981413042,0,0.30111363239237976,0,0.2615358,0
1508-DFXCU,1,0.572557848970054,1,0.5014219248405948,1,0.72796834,0
7246-ZGQDF,0,0.244322855408513,0,0.31983840832944926,0,0.26810235,0
1541-ETJZO,0,0.4015966406571646,0,0.3600910373123421,1,0.52091676,1
0230-WEQUW,0,0.01907022589289236,0,0.10628554710853547,0,0.0029695355,0
8849-AYPTR,0,0.4246370077874694,0,0.3833236375549251,0,0.2450162,0
9644-UMGQA,0,0.279886895019279,0,0.3184364564407284,1,0.5950397,0
6654-QGBZZ,0,0.20514141276387615,0,0.21721097263920755,0,0.31855217,0
9851-QXEEQ,1,0.5689572300482323,0,0.39221071706294963,1,0.71032715,1
4724-WXVWF,0,0.3272067748399653,0,0.3048592192284459,0,0.21623044,0
5777-KJIRB,0,0.07847019431142893,0,0.23448900672069986,0,0.09116179,0
1624-WOIWJ,0,0.47818082923244015,0,0.41073415364432364,1,0.50237954,1
0657-DOGUM,0,0.0442726077670134,0,0.15769576751318928,0,0.029099245,0
8042-JVNFH,1,0.6933306206182889,1,0.5580442331511795,1,0.7825071,1
7838-LAZFO,0,0.0520922019263686,0,0.15271839493027461,0,0.030375078,0
8739-XNIKG,1,0.8341848390944896,1,0.5672972757880526,1,0.8709902,0
8461-EFQYM,0,0.06104622151712174,0,0.0900025382731519,0,0.01372663,0
1784-BXEFA,0,0.15581440769743504,0,0.1329539646937066,0,0.051241405,0
9633-DENPU,0,0.1313707909374169,0,0.2612756192626785,0,0.049975693,0
1153-GNOLC,0,0.1776047972779486,0,0.2778779170979807,0,0.20017135,0
5671-RQRLP,0,0.07859936913521193,0,0.2695608677577283,0,0.03854902,0
6257-RJOHI,0,0.3917866620332477,0,0.35497784212942796,0,0.3303787,0
2220-IAHLS,0,0.19632588300644602,0,0.19930200450114527,0,0.11044278,0
4640-UHDOS,0,0.23808069486813238,0,0.31651975712874214,0,0.24758215,1
2984-RGEYA,0,0.004122217543481833,0,0.048728654391163924,0,0.0038625835,0
6624-JDRDS,0,0.2461202952893952,0,0.2982432359724489,0,0.41856396,0
9388-ZEYVT,0,0.10481648810984563,0,0.18599499790826546,0,0.04007422,0
3256-EZDBI,0,0.16979225442862417,0,0.2824807612596391,1,0.5794709,0
7515-LODFU,0,0.006303869954980798,0,0.05464653497716472,0,0.0020780258,0
1536-HBSWP,0,0.4742823048305835,0,0.4018809787628231,0,0.1360468,0
1926-QUZNN,0,0.010635186731987373,0,0.06245457169727581,0,0.00025653103,0
5027-YOCXN,0,0.08232000871750918,0,0.14282106611283485,0,0.11424115,0
0613-WUXUM,0,0.006435418744563968,0,0.052414031231599365,0,0.00018240364,0
7982-VCELR,0,0.3765149518957878,0,0.35560812852391327,0,0.36891708,0
5067-XJQFU,0,0.2291226260297422,0,0.19934703279425117,0,0.14542098,0
4522-AKYLR,0,0.3216090774070229,0,0.37878326617055,0,0.22053567,0
3606-SBKRY,0,0.2749499126061981,0,0.27362533405430617,0,0.17620154,0
1041-RXHRA,0,0.1984864912096929,0,0.34271668302909314,0,0.26929736,1
6999-CHVCF,0,0.0668598592742956,0,0.20014612971687992,0,0.028620625,0
6328-ZPBGN,1,0.7397025544682381,1,0.5000696686488282,1,0.62366986,1
3312-UUMZW,0,0.48507300495708155,0,0.34379934783806804,1,0.78435165,0
7298-IZWLY,0,0.28023270102620035,0,0.23212517528417795,1,0.8015816,0
3638-WEABW,0,0.02059677016416524,0,0.14726166045229652,0,0.022875804,0
4992-LTJNE,0,0.010511851957975818,0,0.15777075829756734,0,0.007541597,0
0956-SYCWG,0,0.05459943197534546,0,0.10252807223911033,0,0.010768291,0
4237-CLSMM,0,0.20862329558614706,0,0.15145225201792892,0,0.19152476,0
2452-KDRRH,0,0.45942047386612594,0,0.3824562627050762,1,0.5443174,0
9889-TMAHG,0,0.413796189446239,0,0.3583076121947254,0,0.48133445,1
3229-USWAR,0,0.06977055943859625,0,0.1676054914210031,0,0.18233664,0
5159-YFPKQ,1,0.7618556594795003,1,0.5442178137440367,1,0.8076826,1
6322-HRPFA,0,0.029808252429234662,0,0.16042337061113393,0,0.045861967,0
2055-SIFSS,0,0.11949529633350793,0,0.28456107988429924,0,0.086573884,0
5628-FCGYG,1,0.651210937880387,0,0.47238658191279265,1,0.6107937,0
5850-BDWCY,0,0.11934405011133323,0,0.12051736417820502,0,0.07164671,0
8780-IXSTS,1,0.7029670889517752,1,0.5210458252244369,1,0.85683024,1
6366-XIVKZ,0,0.19948348311162406,0,0.24854266090082877,0,0.1685669,0
9139-WQQDY,0,0.159811603057445,0,0.22035869189810597,0,0.05665519,1
3519-ZKXGG,1,0.8097202068021022,1,0.5488233022943692,1,0.895537,1
3524-WQDSG,0,0.4326548818493305,0,0.3119427506340198,1,0.5240585,0
8059-UDZFY,0,0.4696936295319148,0,0.31676352588507184,0,0.29058123,0
9110-HSGTV,0,0.018356372067032865,0,0.15158321075401973,0,0.0032838008,0
9282-IZGQK,1,0.8526716935216817,1,0.5914952657659204,1,0.9674941,1
2482-CZGBB,1,0.6162602786108126,1,0.5122096269727865,0,0.3089929,1
5512-IDZEI,0,0.03045745792782611,0,0.059431680784531364,0,0.022409104,0
5025-GOOKI,0,0.09604899314632752,0,0.11346652916403918,0,0.012147291,0
4625-LAMOB,0,0.008364257891876791,0,0.0551171229739572,0,0.0012495933,0
6284-KMNUF,0,0.26677625462777094,0,0.268969526467208,0,0.047340102,0
3957-HHLMR,0,0.032537266690325445,0,0.15576646329331295,0,0.0071855676,0
6048-QBXKL,1,0.5507243545971039,0,0.4318755977639492,1,0.7505409,0
6583-KQJLK,1,0.6267393920837807,0,0.4589657963663419,1,0.69790506,0
9019-QVLZD,1,0.7140975050252788,1,0.5521947653139219,1,0.9550682,1
6175-IRFIT,1,0.6660485647255476,0,0.48015360229310633,1,0.55685663,0
4800-CZMPC,0,0.16077343404591685,0,0.19829984055667352,0,0.15794092,1
0168-XZKBB,1,0.6199538955521344,0,0.46046652758351664,0,0.36414957,0
8219-VYBVI,0,0.010912074929993777,0,0.04885777836233505,0,0.0014602739,0
0536-ACXIP,0,0.10875198917883354,0,0.2007113126231526,0,0.026397098,0
6184-DYUOB,0,0.27034883085509803,0,0.1708944646318025,0,0.28323635,0
3066-RRJIO,1,0.6844400180824233,1,0.5568118721801456,1,0.7111933,1
5845-BZZIB,0,0.008035723671855087,0,0.04865910380926542,0,0.00060966425,0
7823-JSOAG,1,0.7423336840140478,1,0.5178181210250817,1,0.6263372,0
3717-OEAUQ,1,0.592694800274217,0,0.48646387305400757,0,0.41065004,0
3161-ONRWK,0,0.01995799007337443,0,0.12625561338509253,0,0.0063513294,0
5732-IKGQH,0,0.15051605938757273,0,0.20438243189917635,1,0.5134202,0
8981-FJGLA,1,0.5728727685360461,0,0.4002621364733653,0,0.4503411,0
6854-EXGSF,0,0.28856495512518804,0,0.30458315039464384,0,0.10694169,0
0431-APWVY,0,0.2336003467704848,0,0.2735328338135764,0,0.070858695,1
8390-FESFV,0,0.024689715870084016,0,0.13672425213885658,0,0.0055587664,0
6061-GWWAV,0,0.033275671485442075,0,0.15633907545374215,0,0.031410933,0
3973-SKMLN,0,0.007726347517782376,0,0.06725058173639956,0,0.0014358814,0
6583-QGCSI,0,0.46702341657084734,0,0.3892879558580702,1,0.5704999,1
8150-QUDFX,0,0.22274789390988928,0,0.16363418967615928,0,0.06070014,0
0270-THENM,0,0.007025872433438655,0,0.09888148839784665,0,0.0016191432,0
5146-YYFRZ,0,0.005629741065190441,0,0.060430322409495564,0,0.010439464,0
8871-JLMHM,0,0.03173149818590379,0,0.1573753793084035,0,0.050398573,0
2911-WDXMV,0,0.4456670783400441,0,0.36415989563213985,0,0.076475486,0
5073-RZGBK,0,0.0432864125851496,0,0.12506600635094237,0,0.054932475,0
1776-SPBWV,0,0.02577852134426678,0,0.07151765054784184,0,0.0029878516,0
7029-RPUAV,1,0.6752337601686449,0,0.41846160041568203,1,0.5132655,1
5740-YHGTW,0,0.17425818323206488,0,0.24126734085068116,0,0.078541465,0
8404-FYDIB,0,0.28594956595950605,0,0.3002999630167983,0,0.2230729,0
2990-IAJSV,0,0.015653443149511517,0,0.11078821697955595,0,0.002383561,0
5505-OVWQW,0,0.03777101397012639,0,0.08219132358626449,0,0.005970256,0
1133-KXCGE,0,0.03800185813650969,0,0.08252465691959783,0,0.071857646,0
2279-AXJJK,0,0.28427335788521585,0,0.272554074500612,0,0.13012215,0
7459-RRWQZ,0,0.2795409181580478,0,0.29307912463360136,0,0.15089895,1
4412-YLTKF,1,0.5513347248879241,0,0.4240948480969462,1,0.5318939,1
1116-DXXDF,0,0.1364688328825766,0,0.27263292847104215,0,0.01449178,0
2139-FQHLM,0,0.3054972487827056,0,0.3095824388029334,0,0.17764525,0
2187-PKZAY,1,0.5143292770780641,0,0.45678700457937976,1,0.67069656,0
0913-XWSCN,0,0.24811568484437715,0,0.3079237883603387,0,0.4335798,0
4919-IKATY,1,0.7123851603198557,0,0.42539698432765255,0,0.4729678,1
1455-ESIQH,1,0.8431269573843345,1,0.5746113163323737,1,0.61697096,1
2619-WFQWU,1,0.684177873664104,1,0.5575015018097752,1,0.7617272,1
8393-DLHGA,0,0.4594436578549366,0,0.382235619267926,1,0.6141948,1
3339-EAQNV,0,0.2390580766880935,0,0.2774789866202525,0,0.17444707,0
2892-GESUL,0,0.012612931124806293,0,0.06089880358119057,0,0.002300548,0
3831-YCPUO,0,0.030418772717910218,0,0.11848302747177605,0,0.00052788405,0
9833-TGFHX,0,0.1987615356979706,0,0.22863880750530133,0,0.12011923,0
3549-ZTMNH,0,0.02987133653552641,0,0.07033844331616831,0,0.020709725,0
5808-TOTXO,0,0.11720213159748676,0,0.11848253445999582,0,0.07488854,0
2805-EDJPQ,0,0.1278836212145808,0,0.1777377262616873,0,0.03865318,0
9499-XPZXM,0,0.007893035132527822,0,0.10896973974527117,0,0.0027021489,0
5575-GNVDE,0,0.04243059879853443,0,0.18058869778983022,0,0.0066411505,0
5136-GFPMB,0,0.31257367070412817,0,0.344083860538943,0,0.16776663,0
2911-IJORQ,0,0.0839600754271654,0,0.15164150162069895,0,0.022908576,0
2096-XOTMO,0,0.05908846023368527,0,0.08956800349214639,0,0.010028855,0
7409-KIUTL,1,0.736432180106141,1,0.5671204562525325,1,0.86666894,1
9350-VLHMB,0,0.27092374911849787,0,0.30847375293126905,1,0.84444904,0
5376-DEQCP,1,0.7506290303131583,1,0.5810931956962232,1,0.86211747,1
1567-DSCIC,1,0.7251475935111453,1,0.5060921222125477,1,0.89095443,1
7130-VTEWQ,1,0.7205805105411516,1,0.5418627375854728,1,0.81783044,1
4905-JEFDW,0,0.3989348893348146,0,0.3370372906372389,1,0.6419642,1
9589-ABEPT,0,0.06024495412445191,0,0.1910031865598245,0,0.0070985355,0
9067-YGSCA,0,0.01654094337766254,0,0.0693234655551277,0,0.0024034635,0
8577-QSOCG,0,0.01098684018844958,0,0.0532602764087107,0,0.0010284793,0
7321-KKSDU,0,0.00873959627422677,0,0.05158524000381306,0,0.00070484885,0
2535-PBCGC,0,0.0158810886565134,0,0.0984585867752491,0,0.002577852,0
6845-RGTYS,0,0.36275101959747735,0,0.306624352108122,0,0.40948293,1
6137-MFAJN,0,0.18264506911179013,0,0.2698146577512105,0,0.15113547,0
4213-HKBJO,0,0.013504399932680178,0,0.057315300814924024,0,0.002840363,0
0707-HOVVN,0,0.027616543864062097,0,0.16912707855102802,0,0.011028243,0
4335-BSMJS,0,0.01229765422811929,0,0.06330821036310445,0,0.0024104386,0
4079-VTGLK,0,0.10841263159739553,0,0.2450620815297304,0,0.017743379,0
0899-LIIBW,1,0.5306748657870112,0,0.37034290952271964,0,0.40197414,0
8992-CEUEN,0,0.26572288263532895,0,0.21629584265099125,0,0.045870416,0
9150-HEPMB,0,0.031215922722526532,0,0.17517443104383537,0,0.01818014,0
3948-FVVRP,0,0.1300532326962167,0,0.23589416553644343,0,0.048114784,0
6202-DYYFX,0,0.29959761673120217,0,0.3306203158806572,0,0.056658577,0
7233-PAHHL,0,0.02491387285372028,0,0.12062347485499228,0,0.007982284,0
6661-HBGWL,0,0.4974441330443266,0,0.34753531886984557,0,0.46294767,1
2874-YXVVA,0,0.4052652794385713,0,0.3118750009460506,0,0.16834956,0
6007-TCTST,0,0.043942687899473525,0,0.11990412274925003,0,0.0033464164,0
0111-KLBQG,0,0.3912919999945205,0,0.323060175510214,1,0.78102744,0
2878-DHMIN,0,0.025556552150590998,0,0.07627109996781375,0,0.022057017,0
7410-KTVFV,0,0.2451595852518068,0,0.32900336621334425,0,0.17583266,1
7449-HVPIV,0,0.3279537055146071,0,0.30960414945977943,0,0.122524075,0
6332-FBZRI,0,0.02538930634684318,0,0.12627709064218556,0,0.0640606,0
2207-QPJED,0,0.30277579566477963,0,0.2954773260982334,0,0.22505763,0
9992-UJOEL,0,0.4446699811535719,0,0.4269959192348254,1,0.6910398,0
3900-AQPHZ,0,0.20514141276387615,0,0.21721097263920755,0,0.31855217,1
9313-QOLTZ,0,0.05407465161450213,0,0.09422593917862476,0,0.015831247,0
4700-UBQMV,0,0.14856101921383763,0,0.2148991428476318,0,0.04707919,0
7205-BAIAD,0,0.012909757883378068,0,0.07001508390543183,0,0.0037858495,0
6625-IUTTT,0,0.01508943329560062,0,0.1644736993931523,0,0.009077335,0
4468-YDOVK,0,0.32419234648586615,0,0.3316869501987842,0,0.32000136,0
8785-EPNCG,0,0.14799224513507755,0,0.10265784142137178,0,0.19076812,1
2988-PLAHS,1,0.5258305588548297,0,0.41194396077915046,0,0.41700637,0
7596-IIWYC,0,0.016113433982404897,0,0.07338280509414986,0,0.0050793453,0
4060-LDNLU,1,0.7206638713234051,0,0.4928984934313599,1,0.75516737,0
9030-QGZNL,0,0.026432922517546427,0,0.08379069748271893,0,0.0074140034,0
2873-ZLIWT,0,0.3168615288316116,0,0.27632681322626856,0,0.4480304,1
9330-DHBFL,0,0.04272203787677354,0,0.1473373827327742,0,0.08800255,0
9507-EXLTT,1,0.7208932211455873,1,0.5149407847553789,1,0.96218437,1
1830-IPXVJ,0,0.004794411334253827,0,0.047751915455620984,0,0.0018846455,0
1530-ZTDOZ,0,0.1061706965321325,0,0.21586013336477083,0,0.08487156,0
6543-CPZMK,0,0.4124905936761814,0,0.339547317284112,1,0.6364968,1
1338-CECEE,0,0.06432310457748124,0,0.16639602081690627,0,0.017812956,0
2664-XJZNO,0,0.036831145664393244,0,0.15595310220509576,0,0.033362575,0
5514-YQENT,0,0.06826563029976417,0,0.15687935675875506,0,0.10851819,0
8532-UEFWH,0,0.008653657800424479,0,0.04233749340474222,0,0.0017389966,0
7677-SJJJK,0,0.046939190957651436,0,0.07738240671015852,0,0.040755097,0
9367-OIUXP,0,0.19931486705453577,0,0.15998153817935026,0,0.14390138,0
3200-MNQTF,0,0.009327974973378934,0,0.10969454749917994,0,0.08298192,0
7787-BNTZM,0,0.12136632401425652,0,0.12306805681661925,0,0.38412508,0
3727-OWVYD,0,0.035748091950782046,0,0.17242764935988947,0,0.009110301,0
7876-BEUTG,0,0.30129734491286303,0,0.3529955753608502,0,0.23111501,0
5774-QPLTF,0,0.02103213794316979,0,0.06492318114306914,0,0.012610294,0
3049-SOLAY,1,0.8753516711055936,1,0.551957874601403,1,0.803154,1
5473-KHBPS,0,0.1667509824729589,0,0.21715685575552235,0,0.08326981,0
6910-HADCM,1,0.6795425855596268,1,0.5254040265878023,1,0.9101454,1
8111-BKVDS,0,0.223884662942101,0,0.2720950725134716,0,0.09191787,0
5981-ITEMU,0,0.4908252716412366,0,0.36926148816249627,1,0.6229579,1
7892-POOKP,1,0.5538214342526224,0,0.3297988872325434,1,0.6719099,1
9700-ISPUP,0,0.28591022102598873,0,0.28289954479880497,0,0.09468614,0
6630-UJZMY,1,0.8557794654437518,1,0.5501352646941924,1,0.91338855,0
0655-RBDUG,1,0.7473514855204213,0,0.49351741959774903,1,0.963963,1
5366-IJEQJ,1,0.6503115085238541,0,0.45963351990773427,1,0.5042439,1
6473-ULUHT,0,0.18601433833359166,0,0.22358702674742115,0,0.052572597,0
5423-BHIXO,0,0.24036039468170164,0,0.3309141615048713,0,0.34323657,0
6681-ZSEXG,0,0.022778536046693675,0,0.16960630765872076,0,0.019200552,0
7239-HZZCX,0,0.21356382764244478,0,0.21618325847452113,0,0.37823385,1
2398-YPMUR,1,0.5504190116367459,0,0.47711788475173045,0,0.42184895,1
8821-XNHVZ,1,0.6795776063046027,0,0.4892911600447064,1,0.8557582,1
7587-RZNME,1,0.5681681465597894,0,0.4616264483477229,1,0.7398724,1
0895-LMRSF,0,0.1832513298945907,0,0.27030817205615704,0,0.2390884,0
1465-WCZVT,0,0.16545531506697042,0,0.13830502477338857,0,0.025981527,0
3096-WPXBT,0,0.11662029426228816,0,0.1818857827199062,0,0.07001685,0
5515-RUGKN,0,0.3904973445058071,0,0.3706157097594971,0,0.4164914,0
7203-OYKCT,0,0.2938782193173788,0,0.3046100726560119,0,0.35475597,0
6013-BHCAW,0,0.035941212922533605,0,0.15085415865360507,0,0.0072600725,0
2525-GVKQU,0,0.006145188476875195,0,0.05944197738976041,0,0.01203565,0
6418-PIQSP,0,0.014608340218716234,0,0.12229804463524145,0,0.006654016,0
1494-EJZDW,0,0.02097655128504006,0,0.06741609243777376,0,0.0033580542,0
6685-GBWJZ,0,0.018810970109149863,0,0.13205775739379885,0,0.07176792,0
4023-RTIQM,0,0.11987742445401495,0,0.17223678570362252,0,0.060804885,0
8591-TKMZH,0,0.05221004828691814,0,0.13462888776864357,0,0.029247759,0
5223-UZAVK,0,0.12514558321019176,0,0.2295613051679398,0,0.11401469,0
3125-RAHBV,0,0.03453051580758011,0,0.07895339999203238,0,0.004336737,0
0975-UYDTX,0,0.09154228621138631,0,0.1441240061793779,0,0.074783966,0
5626-MGTUK,0,0.4418532078241798,0,0.37935792511838984,0,0.33242545,0
4396-KLSEH,0,0.33911395408984074,0,0.17942641410206775,0,0.17197469,0
4785-QRJHC,0,0.12865967477637416,0,0.15399188652291085,0,0.028292563,1
1320-GVNHT,0,0.06284253545977599,0,0.16324492241662292,0,0.015166946,0
5339-PXDVH,1,0.707204419554956,0,0.4594279007265994,1,0.67357093,0
3415-TAILE,0,0.4473298398868064,0,0.3696578983124039,0,0.31891844,1
4983-CLMLV,0,0.3201913024579634,0,0.27840798846738,0,0.16707937,0
4903-CNOZC,0,0.0990324124297915,0,0.2205499281160019,0,0.036430676,0
4312-KFRXN,0,0.0076098031830026044,0,0.049649206455323364,0,0.0005744502,0
0174-QRVVY,0,0.005938262058821416,0,0.0442445684147428,0,0.0005687022,0
2754-VDLTR,1,0.6636562161789711,0,0.43970521033303844,0,0.46948314,1
6483-OATDN,0,0.20109329180294525,0,0.27281039097391424,0,0.2574214,0
1754-GKYPY,1,0.56745791953198,0,0.4178266204697673,1,0.5275599,0
6519-ZHPXP,0,0.03068612422642405,0,0.12298192811373795,0,0.0018856864,0
2454-RPBRZ,1,0.6554140003500107,0,0.4765016734821766,1,0.95848864,1
4323-SADQS,0,0.30168125636254667,0,0.2720491732656163,0,0.13168176,1
5951-AOFIH,0,0.17339637125131968,0,0.269439158306773,0,0.12371174,0
2833-SLKDQ,0,0.39384625820256436,0,0.43134257570036494,0,0.40626672,1
0562-FGDCR,0,0.008269661771860634,0,0.09365898896548891,0,0.0010137366,0
4584-LBNMK,0,0.03173050011662942,0,0.05981512005349208,0,0.018104644,0
8058-DMYRU,0,0.48785003336888644,0,0.40793895038378053,0,0.38107598,0
8993-PHFWD,1,0.553042619929986,0,0.4374837738250722,1,0.5687607,1
4785-FCIFB,0,0.008834774345819951,0,0.04874956096383502,0,0.0067086495,0
3570-YUEKJ,0,0.15868701536000673,0,0.33161736168212363,0,0.2021005,0
4145-UQXUQ,1,0.7703743230971116,1,0.5169474103387143,1,0.80972064,1
4818-QIUFN,1,0.514093691363448,0,0.42734539679363903,1,0.58259827,1
2378-YIZKA,0,0.01281113412321596,0,0.09937489717095616,0,0.0062467977,0
9504-DSHWM,0,0.11323108225320026,0,0.2291788657392372,0,0.09337937,0
5061-PBXFW,0,0.03615523437551914,0,0.16066003092288816,0,0.03114073,0
5542-TBBWB,1,0.7606407846760896,1,0.5816359270376276,1,0.77521056,0
4855-SNKMY,1,0.5657168634614481,0,0.4849525992844476,0,0.44804168,1
3521-HTQTV,0,0.014606633784326379,0,0.05970795892985566,0,0.08299413,0
2485-ITVKB,1,0.7301946069959285,0,0.4411299221480452,1,0.8520773,1
1891-QRQSA,0,0.067507758369215,0,0.15885801059833146,0,0.11148163,0
2001-MCUUW,0,0.10737254619506541,0,0.184663458802495,0,0.20249398,0
9822-WMWVG,0,0.3007176581616159,0,0.2638913306692709,0,0.40277818,0
5236-XMZJY,0,0.06008603884400762,0,0.201908995508056,0,0.07453701,0
6789-HJBWG,0,0.2772482850775149,0,0.37019587847964497,0,0.21291924,0
4737-HOBAX,0,0.029319090297589015,0,0.13982036211554566,0,0.020167751,0
1587-FKLZB,0,0.41028992733164793,0,0.32995630818589083,1,0.84180754,1
4674-HGNUA,0,0.012557684031750298,0,0.08735193472560501,0,0.0011876561,0
7503-ZGUZJ,1,0.7999246997550137,1,0.5650461042760256,1,0.9458679,1
9233-PSYHO,0,0.35015185550687905,0,0.29831751606357954,0,0.21248984,0
6741-EGCBI,0,0.41671958715903473,0,0.34815243538014523,0,0.36210087,0
6980-CDGFC,0,0.018143902954768282,0,0.07395076416109272,0,0.017133454,0
3207-OYBWH,0,0.40130440418668756,0,0.32113108871075857,0,0.3755605,1
1266-NZYUI,0,0.007597031164050912,0,0.11003946624760427,0,0.003879789,0
8474-UMLNT,0,0.09975332495488588,0,0.20769907668536217,0,0.10979972,0
2858-EIMXH,0,0.3059721779619677,0,0.3011745729591906,0,0.49301508,0
2867-UIMSS,1,0.7407579338643157,1,0.5515330073764814,1,0.89995146,1
8735-NBLWT,0,0.09575686940326873,0,0.11087131778968423,0,0.11352515,0
6559-RAKOZ,0,0.2590745090408842,0,0.24317360554973785,0,0.17919405,0
8033-VCZGH,0,0.3133591333132415,0,0.2657869489774181,0,0.468499,0
3338-CVVEH,1,0.6413501027928153,0,0.47743524485311345,1,0.80289257,0
1492-QGCLU,0,0.11811720457201128,0,0.18087373056948797,0,0.0911162,0
0236-HFWSV,1,0.7216862148481058,1,0.5018426512259135,1,0.74024516,1
6516-NKQBO,0,0.016339033584555133,0,0.11476713968129078,0,0.04119494,0
0117-LFRMW,0,0.07920523930407057,0,0.16893898381018282,0,0.0828886,1
9847-HNVGP,0,0.03855761123100984,0,0.08265656509967872,0,0.0037893204,0
8590-OHDIW,0,0.01673843308237674,0,0.058444498281479615,0,0.0037441629,0
7647-GYYKX,0,0.007989074945995258,0,0.05696847147418194,0,0.009014352,0
0580-PIQHM,0,0.1478950493399392,0,0.19952504848939553,0,0.05765776,0
8878-HMWBV,1,0.5938316355172389,0,0.4623381530243146,1,0.9278986,1
4646-QZXTF,0,0.20798532255204832,0,0.2520408129997093,1,0.5089737,0
2378-VTKDH,1,0.523618371760448,0,0.3578707211625066,0,0.19071782,0
2007-QVGAW,0,0.006253595125792436,0,0.05638412550217499,0,0.0025859934,0
2672-OJQZP,0,0.38240997500923957,0,0.4298282959050789,0,0.39632753,0
7124-UGSUR,0,0.2706396165000463,0,0.24508629895625078,0,0.057909876,1
6543-XRMYR,1,0.6149122524647423,0,0.4301830888738507,1,0.6449593,1
4075-JFPGR,0,0.15458759452664061,0,0.23416515712579497,0,0.055287957,0
7997-EASSD,0,0.11290363995783968,0,0.23342311720525824,0,0.02254819,0
8443-ZRDBZ,1,0.8116653847766221,1,0.5683744396757814,1,0.8881851,1
4981-FLTMF,0,0.0355368881268398,0,0.1425530645491603,0,0.009544666,0
3766-EJLFL,0,0.053281769908835416,0,0.15023108226239443,0,0.039730534,0
7338-ERIVA,0,0.037954211737276734,0,0.13483164016256186,0,0.0088258255,0
5122-CYFXA,1,0.5603661672819226,0,0.3964723509135542,0,0.31312954,0
2750-BJLSB,0,0.179863913107095,0,0.22697614809155212,0,0.09485405,0
2587-EKXTS,0,0.46308722855782597,0,0.30308311351130324,0,0.34594077,0
4537-CIBHB,0,0.046189098105215556,0,0.0807323957684878,0,0.037086528,0
1134-YWTYF,0,0.14952963317166057,0,0.25577286629462,0,0.06904063,0
9953-ZMKSM,0,0.00900539239022307,0,0.05702295320833008,0,0.003533654,0
6284-AHOOQ,0,0.4838687373910876,0,0.37960597404323065,0,0.15769115,1
5644-PDMZC,1,0.788513425967084,1,0.5144590523108638,1,0.6772903,1
4860-YZGZM,0,0.15325964898926184,0,0.13348776788587952,0,0.07757897,0
9844-FELAJ,0,0.21156519924197872,0,0.1975093798574621,0,0.08620046,0
3750-CKVKH,1,0.7539437561174224,1,0.5283322579484506,1,0.6419867,1
4648-YPBTM,0,0.035089098391683726,0,0.16173042621304998,0,0.00391527,0
7579-OOPEC,0,0.3740943513466331,0,0.38312966111397634,1,0.6247806,1
2211-RMNHO,0,0.01762894818121861,0,0.10041071129526184,0,0.00517929,0
0524-IAVZO,1,0.5603315991170067,0,0.42445851785171645,1,0.5820514,1
1227-UDMZR,0,0.02244847370492788,0,0.1147847410125839,0,0.0005913709,0
0868-VJRDR,0,0.04138962434388604,0,0.16104027970965393,0,0.16510431,0
5692-FPTAH,0,0.48122084849816166,0,0.4490330470169226,1,0.57327884,1
3649-JPUGY,0,0.03269868894230724,0,0.15785415624516247,0,0.001483077,0
8559-CIZFV,0,0.050258504250049255,0,0.14744141556219623,0,0.022824055,1
1194-SPVSP,0,0.206101650974398,0,0.20861146129095207,0,0.0946966,0
2924-KHUVI,0,0.27667378551809785,0,0.2791615170197008,0,0.10135601,0
9367-WXLCH,1,0.588056363193711,0,0.43771051154490104,1,0.68834823,1
5669-SRAIP,1,0.651057820803787,0,0.4114684547174348,0,0.15880504,1
6253-GNHWH,0,0.007145147126222453,0,0.10466469113997766,0,0.0046583833,0
5178-LMXOP,1,0.8991760002928509,1,0.5854013427087729,1,0.95745033,1
3703-TTEPD,0,0.1455014366452784,0,0.25150344537395775,0,0.1156659,0
8620-RJPZN,0,0.26353858541853953,0,0.21679895016770992,0,0.39579517,0
0096-BXERS,0,0.39286407080800606,0,0.39348590166917724,1,0.52913195,0
7018-WBJNK,0,0.4231686652933254,0,0.39818767154814155,0,0.33593526,0
9643-AVVWI,1,0.5781719366679305,0,0.42010602316980994,0,0.41507378,0
0023-XUOPT,1,0.5258791624196373,0,0.4068583056272977,1,0.7317338,1
1902-XBTFB,0,0.4626659195294775,0,0.4021618326050381,1,0.50371826,1
8628-MFKAX,0,0.062388251706386774,0,0.1474730064247563,0,0.0077455402,0
2692-PFYTJ,0,0.352771851789391,0,0.1993254416904543,0,0.21005389,0
6637-KYRCV,1,0.5655923981338673,0,0.3867368894501477,0,0.08802209,0
2335-GSODA,0,0.023416553373755367,0,0.1343777701691146,0,0.00403872,0
3508-VLHCZ,0,0.01745816239451734,0,0.10109719794933372,0,0.0070826192,0
2843-CQMEG,0,0.16096546924124383,0,0.3113499515192911,0,0.22664936,0
0872-JCPIB,0,0.20573470086276785,0,0.26664590238492997,0,0.22770761,0
6979-ZNSFF,1,0.7344227519449167,1,0.5408986142226232,1,0.89801866,1
1722-LDZJS,0,0.012901530794372581,0,0.05649125728706972,0,0.063156575,0
2983-ZANRP,1,0.5792501617532093,0,0.45788121787188013,1,0.69841474,1
7879-CGSFV,0,0.14452954426019057,0,0.23836762316102786,0,0.16454114,0
1401-FTHFQ,0,0.03932097884400967,0,0.07929798398946619,0,0.0075358134,0
2386-LAHRK,1,0.5502067617290219,0,0.4434053747573934,1,0.54937005,1
5553-AOINX,0,0.28574103975310117,0,0.2585939405613915,0,0.07335738,0
9986-BONCE,0,0.18935564508818098,0,0.15434815011013878,0,0.07782856,1
7926-IJOOU,0,0.20443012761102541,0,0.19625597587908813,0,0.03687702,0
7571-YXDAD,1,0.6533090462742581,0,0.48789430821615093,1,0.61341894,1
7954-MLBUN,0,0.0773516097295761,0,0.19963835656226908,0,0.013219488,0
6997-UVGOX,0,0.008803297365047619,0,0.0899277012865112,0,0.0036732124,0
8466-PZBLH,0,0.03495966599138366,0,0.1562804723623314,0,0.32922205,0
7054-ENNGU,0,0.20901381119084306,0,0.31140664361260467,0,0.15450214,0
2495-INZWQ,1,0.773759268357132,0,0.4532549591331446,1,0.75093555,1
3055-VTCGS,0,0.04805758933251224,0,0.20881855225680962,0,0.007657808,0
7013-PSXHK,0,0.1284862249016203,0,0.20842109126823083,0,0.10439488,0
4912-PIGUY,1,0.8412836023292615,1,0.5937518042108393,1,0.9542353,0
8582-KRHPJ,0,0.11524470268377676,0,0.24884557493669143,0,0.10510344,0
0320-JDNQG,0,0.37884325877794683,0,0.3222967467291036,1,0.672562,1
4277-BWBML,0,0.003999978910622985,0,0.051450631096046306,0,0.0023091324,0
5457-COLHT,0,0.008394475513581537,0,0.09762022110818959,0,0.009276762,0
3716-BDVDB,1,0.7615233888113626,1,0.5727178388225688,1,0.9423729,1
0308-IVGOK,0,0.16756577531877664,0,0.21408849377757555,0,0.09714275,0
8780-RSYYU,0,0.07619572173353908,0,0.09445734321829924,0,0.012834843,0
4749-VFKVB,1,0.5674094267080689,0,0.4597925438419635,0,0.26596802,1
9972-VAFJJ,0,0.17659014536946718,0,0.2240832873342917,0,0.12160922,0
9560-BBZXK,0,0.023771441720116936,0,0.1798755066452189,0,0.032672245,0
1140-UKVZG,0,0.10505020505864354,0,0.11608549757636784,0,0.4316222,0
8592-PLTMQ,0,0.01959663797615453,0,0.06855991875470752,0,0.004266109,0
6629-CZTTH,1,0.5691750598823936,0,0.45725446638885,0,0.4766949,1
5156-UMKOW,0,0.387293027277009,0,0.38747800335608523,0,0.14465033,0
7129-ACFOG,1,0.5445029647172634,0,0.39211845943920376,0,0.15908518,0
4698-KVLLG,0,0.00824004466059705,0,0.05371891116738336,0,0.001846721,0
1112-CUNAO,1,0.5694944043086143,0,0.44285783628195824,1,0.87216896,1
4121-AGSIN,0,0.024359237285984305,0,0.061747884199961627,0,0.0040969066,0
6723-WSNTY,0,0.19730270534148406,0,0.19546728634065277,0,0.031075519,0
6917-FIJHC,0,0.010877709308950408,0,0.059388087135652225,0,0.00045510524,0
0094-OIFMO,1,0.7210071215945405,1,0.5196936802235145,1,0.77160394,1
2501-XWWTZ,1,0.5073426071547261,0,0.4545809579656603,0,0.45691875,0
2812-REYAT,0,0.024747292967637516,0,0.0749931790621689,0,0.016311137,0
1629-DQQVB,0,0.11869926288481901,0,0.2660683705378792,0,0.039770443,0
7434-SHXLS,0,0.20415385667727512,0,0.21342254333583544,0,0.4861295,1
1069-XAIEM,1,0.872339708911776,1,0.6059572419456023,1,0.97508043,1
8111-SLLHI,1,0.6178460035435371,0,0.3771981157727393,1,0.80624855,1
2091-RFFBA,1,0.5143787701822621,0,0.44715161948316423,0,0.3620343,1
2181-UAESM,0,0.40207054745321263,0,0.375308261274879,0,0.39869902,0
3571-RFHAR,0,0.39738760785494415,0,0.2974585119063216,0,0.44751397,1
0495-ZBNGW,1,0.7787772030386986,1,0.5078144379502072,1,0.87251145,1
7803-XOCCZ,0,0.11517834649826786,0,0.20281492862450812,0,0.25656673,0
5198-EFNBM,0,0.2333804008949454,0,0.2839068773322164,0,0.057700794,0
9154-QDGTH,0,0.213445013574747,0,0.19818409138733714,1,0.6044488,0
8033-ATFAS,0,0.15054058478893592,0,0.25499286070782995,0,0.40831515,0
6834-NXDCA,0,0.40442593128535026,0,0.37617727794892125,0,0.26935363,1
2696-ECXKC,0,0.12182162612495287,0,0.19614083940270546,0,0.017124336,0
3966-HRMZA,1,0.6316964153703402,0,0.47339205722999217,1,0.6009976,0
2012-NWRPA,1,0.8196669601578294,1,0.5193720826999817,1,0.9821916,1
5889-JTMUL,0,0.48755723352557884,0,0.36833719930307784,0,0.24043517,1
8903-XEBGX,1,0.5875499980846839,0,0.43890268074647776,1,0.75896823,0
1166-PQLGG,0,0.003949208987739064,0,0.04746088737610436,0,0.0006977238,0
2293-IJWPS,0,0.2809663157624711,0,0.27102082849556586,0,0.09556117,0
2550-AEVRU,0,0.025534574646127888,0,0.17628161650309668,0,0.0862905,0
6891-JPYFF,0,0.27841673972496067,0,0.23870920429422207,0,0.35712922,0
2480-SQIOB,0,0.4019054054067974,0,0.39017217892586453,0,0.26865503,0
1265-HVPZB,0,0.030837917507077758,0,0.1516778310483698,0,0.070166655,0
2782-LFZVW,0,0.4617508009413479,0,0.3728140743591329,0,0.063407235,0
6339-YPSAH,1,0.636648136749542,0,0.49385583747834405,1,0.5575503,0
5348-CAGXB,1,0.6725322677798817,0,0.4905237452329492,1,0.77025497,0
1989-PRJHP,1,0.5372617718339858,0,0.4292056185339133,0,0.35361978,1
0674-DGMAQ,1,0.5836028460922795,0,0.3713070231750031,0,0.35612306,0
8280-MQRQN,0,0.4967298236708491,0,0.43996654124514495,1,0.721352,1
8173-RXAYP,0,0.009351507787737709,0,0.048854777579300894,0,0.0046305247,0
3223-WZWJM,1,0.5879609816781873,0,0.4536529015897683,1,0.5907656,1
4480-MBMLB,0,0.31107475261720213,0,0.26927864841945576,0,0.06916806,0
0923-PNFUB,1,0.6735674025615942,0,0.48697684518240936,0,0.3530787,1
6445-TNRXS,0,0.048334450650961265,0,0.12207215493352484,0,0.0020203711,0
4016-BJKTZ,0,0.1342803977583631,0,0.20277238738841713,0,0.14229989,0
9938-ZREHM,0,0.06079368923999401,0,0.1588966919533528,0,0.09883239,0
2207-RYYRL,0,0.008788697194764213,0,0.04169911650948781,0,0.0012849408,0
1218-VKFPE,0,0.06526617487017818,0,0.0880716076473439,0,0.0018641232,1
8670-ERCJH,0,0.03899268843267878,0,0.1368350007629201,0,0.015314896,0
5583-EJXRD,0,0.02306752283693689,0,0.10208807343061696,0,0.010606276,0
3359-DSRKA,0,0.007837182871089645,0,0.05259440528300957,0,0.0056402874,0
8217-QYOHV,0,0.3001932526142927,0,0.3074995334064063,0,0.07119603,0
8696-JKZNU,0,0.49246359603885925,0,0.45146333025085283,1,0.6153075,1
1101-SSWAG,0,0.36916198818348184,0,0.3874683807604263,0,0.3944044,0
9907-SWKKF,1,0.5343176230658813,0,0.4688544378816119,1,0.7229754,1
4903-UYAVB,0,0.2147374645117558,0,0.13475157585194114,0,0.0070568123,1
7663-CUXZB,0,0.0650435981963587,0,0.13987848496916805,0,0.14675467,0
5493-SDRDQ,0,0.41288480059368116,0,0.3605955083803908,0,0.3609021,1
8775-ERLNB,1,0.7797485712423764,1,0.5654826712202348,1,0.7636579,0
8680-CGLTP,0,0.054357621679753734,0,0.17629256013236871,0,0.029087335,0
2446-ZKVAF,0,0.18843986082294606,0,0.29814504137757075,0,0.30803728,0
2466-NEJOJ,0,0.09440795570725957,0,0.09327513975985681,0,0.011522967,0
9415-TPKRV,0,0.29332734283189743,0,0.317414430148213,0,0.3409536,0
2607-FBDFF,0,0.30042096732611334,0,0.3696478585385603,0,0.19719452,0
1555-HAPSU,0,0.005591680338988322,0,0.04272736216216794,0,0.00046563832,0
3249-VHRIP,0,0.04216360937621663,0,0.19471670104011524,0,0.030998945,0
7767-UXAGJ,1,0.6571920829880846,0,0.49337883261001364,1,0.56129223,1
7311-MQJCH,0,0.14097003934649682,0,0.12567002157319984,0,0.003523494,0
5442-PPTJY,0,0.015445636483972727,0,0.05990315947882535,0,0.006614321,0
2380-DAMQP,0,0.05333256393242887,0,0.13770000842522787,0,0.0025379115,0
4002-BQWPQ,0,0.10533280590632882,0,0.17731788357220146,0,0.043173756,0
1845-ZLLIG,0,0.4536038989973145,0,0.4396334247434501,0,0.3475926,0
3627-FHKBK,0,0.4954937937572241,0,0.44835868919755906,1,0.5287554,1
2430-RRYUW,0,0.03091822758242061,0,0.1922282362438397,0,0.008816587,0
5753-QQWPW,0,0.05221252658108459,0,0.17418020844312326,0,0.048105855,0
4310-KEDTB,0,0.21078687416350306,0,0.2870087800991472,0,0.13518892,0
2043-WVTQJ,0,0.32010189237905573,0,0.35940968682745605,0,0.45805207,0
6698-OXETB,0,0.026827971308627675,0,0.07994610371904745,0,0.00087577093,0
6821-BUXUX,1,0.5127008736262887,0,0.4308264976013956,1,0.7714303,1
3422-LYEPQ,1,0.7135229426232403,1,0.527555653825471,1,0.81310046,1
5998-VVEJY,0,0.41641971887957263,0,0.3484807371317589,0,0.20030019,1
8125-QPFJD,0,0.025729321272239175,0,0.14429966471508127,0,0.0049428022,0
1980-KXVPM,1,0.7739665117469687,1,0.5336876416535501,1,0.8545218,1
9787-XVQIU,1,0.8173342354819699,1,0.5977264578165981,1,0.9051434,1
8695-ARGXZ,1,0.5117956043133071,0,0.42826306462555747,1,0.5575396,0
5161-XEUVX,0,0.07651699794974652,0,0.1722269843242074,0,0.032416068,0
5469-CTCWN,0,0.1973952559645429,0,0.22243642177197182,0,0.07164588,1
2729-VNVAP,0,0.007587822803614518,0,0.048820259469599406,0,0.002372931,0
0709-TVGUR,1,0.714989173796729,1,0.5277374249270443,1,0.7094578,1
8345-MVDYC,0,0.01777875782280813,0,0.1316609059551808,0,0.011944306,0
9420-LOJKX,0,0.4016117786980807,0,0.36414783610304285,1,0.82766545,1
3577-AMVUX,0,0.32490877145959834,0,0.34825693413849024,0,0.41277027,0
6582-OIVSP,0,0.38162217218555344,0,0.4298282959050789,1,0.5620449,0
6376-GAHQE,1,0.7152123544722808,1,0.5042727030017375,1,0.6070559,1
4939-KYYPY,0,0.1734612242724484,0,0.2576536020068252,0,0.05078314,0
2995-YWTCD,0,0.025479037431124448,0,0.06978999770303373,0,0.0042072213,0
2212-LYASK,0,0.1288543548450003,0,0.20566231796231832,0,0.21598107,0
4086-ATNFV,0,0.041438415218099996,0,0.1605217890094415,0,0.052173987,0
6283-GITPX,0,0.009357279280631209,0,0.11180020628453714,0,0.0009007491,0
1958-RNRKS,0,0.2083419686063267,0,0.32940309521223715,0,0.20822352,0
7445-WMRBW,0,0.07288264771838195,0,0.1796425362876894,0,0.0076734163,0
8234-GSZYK,0,0.012067487704193068,0,0.05807612416810103,0,0.01933929,0
4526-ZJJTM,0,0.3213116104005869,0,0.30282368788068903,0,0.3072347,0
1436-ZMJAN,0,0.44004136836617985,0,0.3553654883650097,0,0.21063271,0
6481-ESCNL,0,0.43762169814857765,0,0.33924685774147334,0,0.18516931,0
6023-GSSXW,0,0.023400114669902265,0,0.19503407859068692,0,0.008291704,0
1794-HBQTJ,0,0.3765428194995501,0,0.3827104638002652,0,0.26972494,1
3077-RSNTJ,0,0.09557934433685572,0,0.10224522690426055,0,0.22115432,0
8914-RBTSB,0,0.42616140356380766,0,0.3422420570566105,0,0.32558465,1
8361-LTMKD,1,0.7862197376023989,1,0.5267655233252728,1,0.7882739,1
3244-DCJWY,1,0.7510263171684279,1,0.5810931956962232,1,0.84542,1
7873-CVMAW,0,0.01558641795855001,0,0.10695386471626446,0,0.0010630175,0
3313-QKNKB,0,0.2192646643352422,0,0.3042481177162991,0,0.18226494,1
2439-LYPMQ,1,0.6229988142938162,0,0.37920640502349057,1,0.6291354,0
5924-SNGKP,0,0.022806036822197864,0,0.07156812639790265,0,0.0026514337,0
1522-VVDMG,0,0.48902382909401143,0,0.3693007452863028,0,0.41257003,1
6568-POCUI,0,0.08270828086086754,0,0.21175366060216416,0,0.023931215,0
7175-NTIXE,0,0.14091158965671227,0,0.22291211305580247,0,0.045678217,0
8777-PVYGU,0,0.058437650914818395,0,0.18072824340394836,0,0.019292986,0
0298-XACET,0,0.018779651096583697,0,0.10621810062770874,0,0.007041189,0
2930-UOTMB,0,0.07950756612767709,0,0.188400797773391,0,0.06466403,1
2748-MYRVK,0,0.15753454628535743,0,0.24982524967705583,0,0.05728016,1
5318-YKDPV,0,0.023246748181469625,0,0.11624400874880728,0,0.00095328153,0
8314-HTWVE,0,0.021812893988373404,0,0.06919727745788727,0,0.007524947,0
4526-EXKKN,0,0.020086520071887617,0,0.067169562228419,0,0.0022372205,0
5032-MIYKT,1,0.6834563725410545,1,0.5575015018097752,1,0.84010834,0
2405-LBMUW,0,0.03548455335340814,0,0.12464488414379088,0,0.011002373,0
2277-DJJDL,0,0.4779906242556543,0,0.3496581542745001,0,0.37640977,0
6234-RAAPL,0,0.019698622966533397,0,0.12203420862884257,0,0.0028903037,0
4993-JCRGJ,0,0.35877947161128576,0,0.31740318188226896,0,0.1342737,0
7284-BUYEC,1,0.6420463609931852,0,0.39452104346100797,0,0.48885596,0
2995-UPRYS,0,0.18651986366527026,0,0.23040061239110654,0,0.13222685,1
1525-LNLOJ,0,0.03408281301948246,0,0.18764350524410356,0,0.03455414,0
7055-HNEOJ,0,0.40682392237390624,0,0.33672449414892364,0,0.3982197,0
6377-WHAOX,0,0.49021949376487656,0,0.35089696531078707,0,0.15323386,0
4703-MQYKT,0,0.01610643505225657,0,0.07220416943300753,0,0.0017123364,0
9385-NXKDA,0,0.031108817096371384,0,0.14676948724688962,0,0.0022250642,0
1217-VASWC,0,0.26016579679984037,0,0.26162717663963647,0,0.30600485,0
9585-KKMFD,0,0.011271310513150678,0,0.0536950213803976,0,0.0011143506,0
7030-NJVDP,0,0.33194357725805884,0,0.281896898092455,0,0.06933237,0
5229-PRWKT,1,0.7536541219990766,1,0.5165272718420608,1,0.72597617,1
0959-WHOKV,0,0.2589594935451725,0,0.24666376935344395,0,0.24104536,0
0463-TXOAK,0,0.008156377580223393,0,0.05160187396105484,0,0.0053934953,0
1942-OQFRW,0,0.4767315949868311,0,0.46351956457604515,0,0.3829282,0
8718-PTMEZ,0,0.35743375629696017,0,0.3711528821318367,0,0.34625062,1
3466-WAESX,0,0.2803881410881781,0,0.2874534884284385,0,0.2730132,0
6860-YRJZP,1,0.7304053682181202,1,0.5341937596109093,1,0.9273165,0
7218-HKQFK,1,0.782175049697612,0,0.4483068944626739,1,0.81125444,1
7181-BQYBV,1,0.8068565013801425,0,0.4656416168926554,1,0.9259497,1
7159-NOKYQ,0,0.13354469301810803,0,0.26068672594410947,0,0.15107241,0
1206-EHBDD,0,0.030119132502923165,0,0.20311288116700915,0,0.01771497,0
1106-HRLKZ,0,0.007582107194562262,0,0.04773357071269519,0,0.00032637324,0
3887-PBQAO,0,0.03007950241222099,0,0.06351504298403966,0,0.008160466,0
8041-TMEID,0,0.07121798374099478,0,0.16242501250305122,0,0.100901715,0
0481-SUMCB,0,0.3524205357278481,0,0.29730859096751283,0,0.0424148,0
5176-LMJXE,0,0.011879822776160873,0,0.06892767366621629,0,0.0019018422,0
2961-VNFKL,0,0.010549021151736976,0,0.060196478843116005,0,0.0004146051,0
2845-HSJCY,1,0.6294406778440198,0,0.40480542828443317,1,0.58008313,1
3023-GFLBR,0,0.2961189049939543,0,0.31389082327317813,1,0.50374943,1
2484-DGXPZ,0,0.05804883488785211,0,0.082307125952203,0,0.01370811,1
4501-UYKBC,0,0.1079175079856307,0,0.20852131270123703,0,0.04970782,0
6728-WYQBC,0,0.20481405966299898,0,0.201844735492467,0,0.20823169,0
1927-QEWMY,0,0.004900580983023501,0,0.05190159188545315,0,0.00017558612,0
7554-AKDQF,0,0.25361166795277007,0,0.34449712567707264,1,0.6307928,0
1062-LHZOD,1,0.6428071033026971,0,0.49882517891685274,1,0.678249,1
7529-ZDFXI,0,0.4714668584376383,0,0.3782987672786387,0,0.3155506,0
9138-EFSMO,0,0.1478131452041977,0,0.24237268654126787,0,0.10466713,0
0365-GXEZS,0,0.3386706209262936,0,0.31555213880086436,0,0.2879544,0
2260-USTRB,1,0.6975234285674962,1,0.521955638428336,1,0.683312,1
3088-FVYWK,0,0.00799274435298882,0,0.04271887373950158,0,0.004011082,0
5277-ZLOOR,1,0.8626364467572634,1,0.589332255375308,1,0.89070255,1
8835-VSDSE,1,0.7479333076199267,1,0.539630763888823,1,0.76410836,1
7521-YXVZY,0,0.17013412008350348,0,0.148506578471781,0,0.30719948,0
0048-LUMLS,0,0.15204677964604507,0,0.2489911378196816,0,0.14796034,0
7998-WNZEM,0,0.012471263565989361,0,0.11069308833334496,0,0.0020813697,0
9508-ILZDG,0,0.4309194206344868,0,0.35757189490815816,0,0.44849375,0
7666-WKRON,0,0.08238212700155237,0,0.2509951580353216,0,0.048396226,1
7928-VJYAB,1,0.5819764624400946,0,0.4084038512836989,0,0.23427165,0
6769-DYBQN,0,0.2858221308222432,0,0.35396709901526563,0,0.40351045,1
2592-HODOV,0,0.04030376076130564,0,0.07879446117598629,0,0.00032402473,0
5233-GEEAX,1,0.5744197924023602,0,0.4209073906217381,1,0.72561306,1
6762-NSODU,0,0.0062099117190594225,0,0.047012196233182424,0,0.0010180741,0
0511-JTEOY,1,0.5888350083664041,1,0.5253328902949086,1,0.8237687,1
2266-SJNAT,0,0.1119141995230947,0,0.16827170968002558,0,0.049724936,0
8003-EWNDZ,0,0.20959715902382978,0,0.14023080158722315,0,0.11170301,0
7669-LCRSD,0,0.2433453565855637,0,0.3154979174580143,0,0.118497945,0
8258-GSTJK,1,0.8364059664491502,1,0.5769638223379612,1,0.8920665,1
8699-ASUFO,1,0.6667424823754906,0,0.4824292799927267,1,0.85022646,1
9565-JSNFM,0,0.16487073798689833,0,0.29897637184152726,0,0.12134851,1
6463-MVYRY,0,0.012879171321702115,0,0.13449032130683197,0,0.00475497,0
1730-VFMWO,0,0.07555652384973757,0,0.22412270755863065,0,0.031879056,0
5832-XKAES,1,0.6776988095936304,1,0.505752837976478,0,0.3060751,1
2108-YKQTY,0,0.306380339660749,0,0.3787754994037115,0,0.17217861,1
6029-CSMJE,0,0.32360256064041437,0,0.3261455508259627,0,0.17793903,0
2805-AUFQN,0,0.010973277416584727,0,0.05911399591640561,0,0.0045120665,0
0917-EZOLA,0,0.129699426025146,0,0.23774532238814047,0,0.20988674,1
0397-ZXWQF,0,0.0057227029125047025,0,0.05711249910683181,0,0.0026158888,0
6217-KDYWC,0,0.008475170811243696,0,0.05974676009379748,0,0.0035682686,0
6311-UEUME,0,0.45604450957483533,0,0.44053203614200614,1,0.76031303,1
7841-TZDMQ,0,0.46928554723790084,0,0.44285423849272826,1,0.6835442,1
2811-POVEX,0,0.42105422926234526,0,0.350695321870718,1,0.5011559,0
9919-FZDED,0,0.03805377406116346,0,0.15604939366218626,0,0.0061342157,0
0373-AIVNJ,0,0.13475337016046973,0,0.2127044825987619,0,0.038025897,0
0947-MUGVO,0,0.497821216815376,0,0.43748729782292856,1,0.71245104,1
9069-LGEUL,0,0.20224693195501242,0,0.25981038572582427,0,0.12065498,0
9620-ENEJV,0,0.4194826381231146,0,0.4265102571935245,1,0.5384684,0
7272-QDCKA,0,0.3177771807445059,0,0.30379423005535083,0,0.18884607,0
7560-QJAVJ,0,0.012515612504258127,0,0.1292907652876991,0,0.00997623,0
6229-UOLQL,0,0.038278414116238765,0,0.12445905150352532,0,0.0062956833,0
1322-AGOQM,0,0.11278961973158068,0,0.2665407011707397,0,0.18088458,1
3301-LSLWQ,0,0.26603768768980535,0,0.29879142132644615,0,0.08136253,0
9490-DFPMD,1,0.5326761826298757,0,0.4504213454185939,0,0.48856184,1
2582-FFFZR,1,0.5129870488810012,0,0.39733649793186065,1,0.7262557,0
5494-HECPR,1,0.7890560581137419,1,0.5801881386692369,1,0.9032705,1
2190-PHBHR,0,0.05572541505907912,0,0.187747872671674,0,0.01316908,0
2522-WLNSF,0,0.05808634195948264,0,0.17184328992489864,0,0.023326743,0
9279-CJEOJ,1,0.6433109084447656,0,0.4596542546440883,1,0.5971296,0
5701-GUXDC,0,0.06705590527356974,0,0.17278353056246398,0,0.00810293,0
1930-QPBVZ,0,0.016984257316902136,0,0.12598716207123792,0,0.020477649,0
5504-WSIUR,0,0.0996843614890706,0,0.2160275578790773,0,0.016877789,0
2541-YGPKE,0,0.02643525530277556,0,0.13772078056921408,0,0.057706922,0
7470-MCQTK,0,0.46070169804314787,0,0.3321731287696144,1,0.51857543,1
3746-EUBYR,1,0.7552530875798519,1,0.5413852862209046,1,0.8806943,1
2129-ALKBS,0,0.09259276991988229,0,0.08752861899874373,0,0.055902664,0
3863-IUBJR,0,0.10196522192088009,0,0.2479945882828977,0,0.039793704,1
2038-LLMLM,0,0.48140655318595377,0,0.33823888888712245,1,0.5591386,0
1409-PHXTF,0,0.1626577889641605,0,0.20848377090757914,0,0.20396906,0
3009-JWMPU,0,0.36164176781811913,0,0.3271067277938055,0,0.20269279,1
4627-MIHJH,0,0.05070872912623559,0,0.16043534492493078,0,0.19989747,0
9534-NSXEM,0,0.03953373824822027,0,0.07440350543957135,0,0.012328764,0
4869-EPIUS,0,0.23557524260680607,0,0.3354744796751823,0,0.1837183,0
6050-FFXES,0,0.06253943949739614,0,0.17388297126363522,0,0.06325332,0
7322-OCWHC,0,0.0388005813939512,0,0.1572552703766639,0,0.00083310605,0
0032-PGELS,0,0.3326430378519932,0,0.3247662730363278,0,0.48675177,1
4753-PADAS,0,0.2216626214811291,0,0.24296051032173296,0,0.35984015,0
7502-BNYGS,0,0.17382685225791028,0,0.2704905366577992,0,0.16151963,0
5606-AMZBO,0,0.49787654908081597,0,0.38657369282187404,0,0.37595004,0
7180-PISOG,1,0.7801049849955604,1,0.5366920426186893,1,0.8262117,1
6857-VWJDT,1,0.7733165610166052,1,0.5322720272738384,1,0.98136514,1
1855-CFULU,0,0.23009321664001553,0,0.16836080832619288,0,0.2115737,0
2368-GAKKQ,0,0.05616562332488488,0,0.15636887649958792,0,0.015290407,0
1063-DHQJF,0,0.03368993187982215,0,0.1724122014787451,0,0.014688506,0
1545-JFUML,0,0.08321892520438018,0,0.21876367181602774,0,0.036981378,0
9107-UKCKY,0,0.16344630147976255,0,0.25321770340729083,0,0.11145365,0
4468-KAZHE,0,0.3535706357405404,0,0.3611546807951219,1,0.5604406,0
2434-EEVDB,0,0.06908060601881778,0,0.21522273695497215,0,0.086216405,0
6490-FGZAT,0,0.12078464884110002,0,0.12268489861746587,0,0.027642509,0
3623-FQBOX,0,0.10545313166906684,0,0.12109374401070305,0,0.040603478,0
3878-AVSOQ,1,0.7797868372724842,1,0.5926234541029877,1,0.84089535,0
2208-MPXIO,0,0.009336084604977148,0,0.05718811933434548,0,0.001099552,0
4760-THGOT,0,0.38376595190432466,0,0.3137934767710566,0,0.3598783,0
0970-ETWGE,1,0.842765500302906,1,0.5752639479113211,1,0.8051649,1
1049-FYSYG,0,0.28465492488586774,0,0.29241741309741154,0,0.06120681,0
6077-BDPXA,1,0.7417128306463993,1,0.5493431770346348,1,0.7271857,0
5343-SGUBI,0,0.1664276341746313,0,0.3024374970947996,0,0.09521048,0
8080-DDEMJ,1,0.5166397219660588,0,0.47629973340590737,1,0.7056535,1
4619-EVPHY,0,0.3860517061902505,0,0.34320378307556276,0,0.23301992,0
2589-AYCRP,0,0.016586105989263383,0,0.07162065776695667,0,0.114050604,0
6258-NGCNG,0,0.16761109707846958,0,0.11529486147562258,0,0.16640595,0
1771-OADNZ,1,0.5906870264851464,0,0.376075652834974,1,0.5855274,1
6967-QIQRV,0,0.18244978885841676,0,0.2411334687830748,0,0.04698268,0
2040-OBMLJ,0,0.12642073703472317,0,0.24534363732980718,0,0.04092146,0
7306-YDSOI,0,0.010751709905725736,0,0.14103732954408968,0,0.004070911,0
0058-EVZWM,0,0.2751190566512481,0,0.30458178572116973,0,0.22829193,0
5338-YHWYT,0,0.0076830737610749785,0,0.11382840054045258,0,0.003778661,0
6505-OZNPG,0,0.10435173905479597,0,0.1669056760855189,0,0.010827888,0
5519-TEEUH,0,0.028940613883721857,0,0.0737733886706202,0,0.002164838,0
7337-CINUD,0,0.0204662462424391,0,0.07246003566730015,0,0.0061473176,0
6728-VOIFY,0,0.22551806993857573,0,0.3050502371596609,0,0.21413004,0
0004-TLHLJ,1,0.7625299039592229,1,0.5253271353607688,1,0.835558,1
6302-JGYRJ,0,0.10268821776127714,0,0.19100629521317142,0,0.06038103,1
5906-BFOZT,0,0.29029832277309486,0,0.2320826572386697,1,0.78440726,0
9133-AYJZG,1,0.5565207400228941,0,0.4163498745027288,1,0.8064035,0
2108-XWMPY,0,0.4624750568020806,0,0.37536937524872555,1,0.69569075,1
1143-NMNQJ,1,0.849992894509637,1,0.5589792210851178,1,0.8360334,1
3473-XIIIT,1,0.6681521772970695,0,0.4536405369818727,1,0.79044026,1
9365-CSLBQ,0,0.006162583470162654,0,0.04701654165489321,0,0.00052989525,0
9206-GVPEQ,0,0.3685249878602645,0,0.2666969462170089,0,0.25305167,1
5266-PFRQK,0,0.019515500725516995,0,0.06256055146587938,0,0.011583088,0
0628-CNQRM,0,0.06429487700029404,0,0.16790316206924594,0,0.018094396,1
7634-WSWDB,0,0.43716257079122306,0,0.3095982972681341,0,0.02746243,0
3750-YHRYO,0,0.051065499537445644,0,0.07982096264271674,0,0.00457358,0
4226-KKDON,0,0.3352161368087955,0,0.33215381873168454,0,0.20759201,0
1403-GYAFU,0,0.004151108138262009,0,0.047079322458538256,0,0.0003991724,0
9897-KXHCM,1,0.7598861094352051,0,0.4944431914997368,1,0.6005683,1
9701-CDXHR,0,0.18508777673054144,0,0.3292074621442549,0,0.15136677,0
6627-CFOSN,0,0.2624721990519701,0,0.2789164815578474,0,0.11646087,0
3677-IYRBF,1,0.7293364861714872,0,0.4944598840787786,1,0.8140996,1
3442-ZHHCC,0,0.058963391842436624,0,0.1751024192420308,0,0.04190579,0
2954-PIBKO,0,0.011726834886575822,0,0.11998490229020042,0,0.0006598705,0
3057-VJJQE,0,0.02480000518144174,0,0.17983830822184058,0,0.005727373,0
3669-WHAFY,0,0.054357462520668656,0,0.14183028777866283,0,0.010577792,0
7130-YXBRO,0,0.35863596995070945,0,0.248434561863015,1,0.544409,0
2810-FTLEM,0,0.21942421697722556,0,0.3406278275316754,0,0.18163495,1
6968-MHOMU,0,0.13530223636834174,0,0.23574304289013692,1,0.5260235,0
8993-IZEUX,0,0.43198626545491337,0,0.4287031408602618,0,0.1918211,0
4229-CZMLL,1,0.7063402073266946,1,0.5297746478379879,1,0.8266012,1
8325-QRPZR,1,0.6263550094420655,0,0.4843188169864121,1,0.7252141,0
1052-QJIBV,0,0.0039057612890637454,0,0.04730095598564287,0,0.00029462436,0
2696-RZVZW,0,0.007758187521569048,0,0.05033797513726515,0,0.0060502454,0
0529-ONKER,1,0.5396045563865782,0,0.46625428529139545,1,0.6554799,1
3866-MDTUB,1,0.5955701036146307,0,0.42880468950731365,0,0.31480753,1
3761-FLYZI,0,0.41835767645679334,0,0.30579997046441315,0,0.11622777,0
9052-DHNKM,0,0.074073643266728,0,0.20021141884386195,0,0.048517276,0
8406-LNMHF,0,0.09877064030731092,0,0.20899369436704368,0,0.1206542,0
2684-EIWEO,0,0.23347259483326713,0,0.2653996938540029,0,0.45526695,1
7752-XUSCI,0,0.4900692130603796,0,0.37480022262737983,0,0.2546988,1
4487-ZYJZK,0,0.016086327881528622,0,0.058724907960459476,0,0.0012055753,0
8779-YIQQA,0,0.02813561738639099,0,0.07070092826615258,0,0.005959049,0
0744-GKNGE,0,0.1237314581418278,0,0.22111978094790197,0,0.017946718,0
1716-LSAMB,0,0.008130356668159007,0,0.1221048558694165,0,0.006416355,0
6729-GDNGC,0,0.3840713215606357,0,0.40508164445725714,0,0.19719808,0
6486-LHTMA,0,0.41141888759815065,0,0.3126819426350622,0,0.10187134,0
1591-MQJTP,0,0.22393057770259034,0,0.23681595756535337,0,0.22692044,0
2486-WYVVE,0,0.152342854572922,0,0.19705773949462826,0,0.061275598,0
0265-PSUAE,0,0.30279736466053625,0,0.29917130497819583,0,0.3759154,0
1120-BMWUB,0,0.15073793953046374,0,0.2718009214628057,0,0.050040558,1
5546-BYZSM,0,0.05467339694041394,0,0.1066053072597896,0,0.048654396,0
9648-BCHKM,0,0.02611797121143274,0,0.06670841608974336,0,0.003427914,0
8757-TFHHJ,0,0.3866181044974018,0,0.3812894276410757,0,0.11960755,0
8155-IBNHG,0,0.4016917476998707,0,0.3719224270292606,0,0.23209387,1
2272-WUSPA,0,0.10482857044576026,0,0.2029807396936074,0,0.006650522,0
0221-NAUXK,0,0.06950252781364806,0,0.09331936809909347,0,0.02892259,0
0301-FIDRB,0,0.01841885931635504,0,0.09284648764326653,0,0.0003268914,0
0836-SEYLU,0,0.3000934188605555,0,0.2776525498787482,0,0.12669227,1
8739-WWKDU,1,0.5668983007174894,0,0.43690755293001027,1,0.7305794,1
6171-ZTVYB,0,0.057944368927326975,0,0.16405767744393426,0,0.017604778,0
6168-YBYNP,0,0.41713672105650634,0,0.2945690932785601,0,0.39997855,0
8547-NSBBO,0,0.22014451071043317,0,0.2357128809809811,0,0.045303058,0
3308-DGHKL,0,0.00842977199593783,0,0.06866980356450739,0,0.0071113817,0
9092-GDZKO,0,0.13148906338186805,0,0.11824178953015586,0,0.01840779,0
9033-EOXWV,0,0.14773846309687164,0,0.23845757805794748,0,0.08384053,1
4317-VTEOA,1,0.5354159036963386,0,0.4733334255691004,1,0.6388153,1
2250-IVBWA,0,0.11110600178518104,0,0.25717759057788786,0,0.3491987,0
0980-FEXWF,0,0.05523854201123375,0,0.19292641543640138,0,0.021897586,0
6551-ZCOTS,0,0.05737386546513129,0,0.08007666346352518,0,0.009901387,0
5440-VHLUL,0,0.16418649162528576,0,0.25028031597353473,1,0.6239219,0
5730-DBDSI,0,0.005704887264779365,0,0.061208701944804725,0,0.060201637,0
5543-QDCRY,1,0.6172594682309915,0,0.44780683976572583,0,0.36789095,0
6304-IJFSQ,0,0.4380157143692269,0,0.41452282867925233,0,0.48979104,1
3284-SVCRO,0,0.011676042966540267,0,0.048818845028500146,0,0.004449208,0
7037-MTYVW,0,0.035017123176866644,0,0.1256605457757808,0,0.005939926,0
4893-GYUJU,0,0.026377664519806717,0,0.07301430187604917,0,0.025466917,0
9500-LTVBP,0,0.21219140364815292,0,0.314011345961819,0,0.215233,0
0258-NOKBL,1,0.7148534262710098,0,0.4623099062635727,0,0.43140057,0
2669-QVCRG,0,0.26136710664131724,0,0.3194952839765955,0,0.17363349,0
5049-MUBWG,0,0.05186740066266203,0,0.15798044495088726,0,0.018112667,0
2720-FVBQP,0,0.337375247165197,0,0.3417092740638123,0,0.4872242,0
0898-XCGTF,0,0.2590530486435449,0,0.3002504661079486,1,0.5470807,0
9867-JCZSP,0,0.031103477031337323,0,0.06928370643695998,0,0.009208813,0
1074-AMIOH,0,0.22093727449664777,0,0.21648080397634242,0,0.14138615,0
0958-YHXGP,1,0.5318197649844281,0,0.4787965420123868,0,0.34592798,0
5073-WXOYN,0,0.2701040131721186,0,0.31706234678077616,0,0.049922507,1
4547-LYTDD,0,0.4871060885718597,0,0.4489994503399143,0,0.3692067,1
4828-FAZPK,0,0.38885377639100444,0,0.3521815340715259,0,0.19785427,0
1309-XGFSN,0,0.16910649036306535,0,0.23378477649273674,0,0.11775907,0
8213-TAZPM,0,0.1366962586598441,0,0.17350958301692562,0,0.08346822,0
1761-AEZZR,1,0.7979403365397301,1,0.5775137870342,1,0.9529974,1
3605-JISKB,0,0.039461937915927094,0,0.1719174219401852,0,0.08585445,0
4039-PIMHX,0,0.02050281340700298,0,0.1856195154887843,0,0.11520256,0
4822-LPTYJ,0,0.10975915849964253,0,0.23141711774469936,0,0.037463285,0
7603-USHJS,0,0.45533682303046935,0,0.4025813152479652,1,0.53325737,1
1550-LOAHA,0,0.2497494468912275,0,0.3033549043708126,0,0.32773876,1
2604-IJPDU,0,0.3196628572122349,0,0.3193861204589611,1,0.5131251,0
3170-GWYKC,0,0.20603149041964264,0,0.25412159250650157,1,0.60070837,0
5614-DNZCE,0,0.010827791348377866,0,0.1278212298686638,0,0.012327046,0
8266-VBFQL,1,0.7524653017745193,0,0.43061576041878497,1,0.6859218,0
5536-RTPWK,0,0.4293775951081087,0,0.33198945999684887,1,0.6747776,1
7010-ZMVBF,0,0.05791640925846885,0,0.08920964651918162,0,0.035453618,0
0082-OQIQY,0,0.4510161002963419,0,0.34733478064668366,0,0.2853957,0
0378-TOVMS,1,0.6503938856293521,0,0.43451981294281844,0,0.48080352,1
1622-HSHSF,0,0.2800491691753182,0,0.23434617690973394,1,0.74227023,0
0742-MOABM,0,0.2959387604594241,0,0.3294818467508758,0,0.070356354,1
9063-ZGTUY,0,0.034284018874842434,0,0.08260323807497981,0,0.019099118,1
2665-NPTGL,1,0.5934585169140971,0,0.3620887561795763,1,0.6755193,0
0377-JBKKT,0,0.08500484165739594,0,0.20161713309308837,0,0.10309496,0
9776-OJUZI,0,0.3420590075466844,0,0.3343393484100672,0,0.21495785,0
7359-WWYJV,0,0.038849430583407646,0,0.12038403512779355,0,0.015022021,0
0432-CAJZV,1,0.7050849963809339,0,0.4818214664381515,1,0.62067366,0
6137-NICCO,1,0.5867505117092593,0,0.41617038868420464,1,0.9145923,0
4636-QRJKY,1,0.5559658911666812,0,0.37417252767303216,1,0.8540113,1
6664-FPDAC,0,0.29234321066353364,0,0.2466682586875986,0,0.15130176,1
8183-ONMXC,1,0.7271976999252998,1,0.5121459751425987,1,0.589576,1
3941-XTSKM,0,0.10622941998850706,0,0.1963770917834508,0,0.21371041,0
5294-CDGWY,0,0.07914551072447995,0,0.15928358789102273,0,0.07702284,1
6434-TTGJP,0,0.04423859335435433,0,0.13664624250368138,0,0.006217105,0
0134-XWXCE,0,0.06835512655148449,0,0.18396906167070617,0,0.021564838,0
0853-TWRVK,0,0.030520098005831723,0,0.13206301043726257,0,0.0103053525,0
5578-NKCXI,0,0.07177993365254398,0,0.1793311917740694,0,0.1651446,0
9073-ZZIAY,0,0.014415668083403294,0,0.10426858797020463,0,0.01659324,0
6766-HFKLA,0,0.07432783973649972,0,0.17358649659320516,0,0.12700953,0
4391-RESHN,1,0.5535170558052277,0,0.37195698771147107,1,0.5560895,1
0701-TJSEF,0,0.2435624198264561,0,0.2585209306712434,0,0.06932084,0
7181-OQCUT,0,0.45263468540910284,0,0.3467997960781672,1,0.90855926,0
5325-UWTWJ,0,0.21175248293619262,0,0.23692384120976837,0,0.111300096,0
0680-DFNNY,1,0.7296441539996581,0,0.4546330747531999,1,0.9169175,1
7814-LEEVE,0,0.27033656107671405,0,0.21905464101019828,0,0.43800616,0
4302-ZYFEL,0,0.01456731606048699,0,0.06229012209346444,0,0.0011925249,0
0263-FJTQO,0,0.019525672036561983,0,0.1262958830350194,0,0.04008403,0
0376-YMCJC,1,0.5305193341020443,0,0.39309384425648936,1,0.6305131,1
9752-ZNQUT,1,0.5262177356899106,0,0.4731272178656003,1,0.53979164,0
8651-ENBZX,0,0.3119148878118436,0,0.27533714416302,0,0.09528084,1
3174-RKMOW,0,0.4389947309189133,0,0.247199957695063,0,0.23930366,0
0523-VNGTF,0,0.21279638151054103,0,0.25531988787953347,0,0.08250305,0
3865-ZFZIB,0,0.016716863798972362,0,0.07269848288654429,0,0.0020470913,0
3671-SHRSP,1,0.6164538231364689,0,0.41296253210390466,1,0.59503514,1
0440-QEXBZ,0,0.17690609744993172,0,0.31153831031287404,0,0.018198576,0
4735-ASGMA,1,0.65389018225569,0,0.42566824110729806,1,0.67618376,1
2860-RANUS,1,0.5900739374984286,0,0.4405147284044038,0,0.31221628,1
3930-ZGWVE,0,0.21356382764244478,0,0.21618325847452113,0,0.37823385,0
0921-OHLVP,1,0.5516156822245805,0,0.43391683093401306,0,0.44960332,0
6778-JFCMK,0,0.16641623227961366,0,0.21219901177635372,0,0.019465975,0
0929-HYQEW,0,0.3962336045882264,0,0.36843073772817064,0,0.0869547,0
5883-GTGVD,1,0.6737037738162815,0,0.480675972976321,1,0.80943877,1
9860-LISIZ,0,0.045439622440137696,0,0.09338610103310645,0,0.012323493,0
8034-RYTVV,0,0.13324587156087742,0,0.22679774655795668,0,0.029426228,0
3990-QYKBE,1,0.6443837233654623,0,0.436756588507006,1,0.50506544,1
0749-IRGQE,0,0.46936096241088243,0,0.39436066329767827,1,0.7102951,0
6918-UMQCG,1,0.6987232345599392,1,0.5112062785467814,0,0.3991893,0
5214-NLTIT,0,0.07992351525829362,0,0.228422500801099,0,0.075754866,0
0480-KYJVA,0,0.005562848804416657,0,0.04306259594737687,0,0.00024070183,0
1240-KNSEZ,0,0.2895488845093183,0,0.23404195411458673,1,0.67734164,1
3329-WDIOK,1,0.738661467885999,0,0.4428899416248517,1,0.62853014,1
6733-LRIZX,0,0.14809945657159002,0,0.20412200160509283,0,0.032488354,0
7017-VFULY,0,0.19785165619793352,0,0.1464069773248412,0,0.095638804,0
5245-VDBUR,0,0.046888392758068075,0,0.16708694488598994,0,0.005753606,0
6096-EGVTU,0,0.015337406667077107,0,0.052045538792432275,0,0.008868773,0
4709-LKHYG,0,0.026799037806215054,0,0.07785788781220043,0,0.012904276,0
1370-GGAWX,0,0.31155819082310626,0,0.2985511533425574,0,0.07894639,0
1429-UYJSV,0,0.041901144654612234,0,0.08480783954044302,0,0.019203637,0
4353-HYOJD,0,0.08286469498243977,0,0.23542091052335365,0,0.008705581,0
2770-NSVDG,0,0.25405503134491275,0,0.32074433457919355,1,0.6071307,0
9812-GHVRI,0,0.33727244945946117,0,0.3715345049389406,0,0.4571221,0
4686-GEFRM,0,0.06579226480930646,0,0.17458135495113156,0,0.0162313,0
8727-XDPUD,0,0.04343039178607579,0,0.2088016541499277,0,0.024503887,0
8292-ITGYJ,0,0.013432665230441572,0,0.05052171236902217,0,0.0021404976,0
3221-CJMSG,0,0.12875582873909386,0,0.2572496693815203,0,0.032086805,0
1264-BYWMS,1,0.5359294915075669,0,0.4354523666818702,1,0.5564459,1
7273-TEFQD,1,0.7811636843587102,0,0.486495481432763,1,0.79958093,1
4360-QRAVE,0,0.21311351077498356,0,0.3152936449795963,0,0.33273223,0
7718-RXDGG,0,0.42727776639753656,0,0.4013443808276802,0,0.47160682,0
5181-OABFK,0,0.012262840127528696,0,0.14355389537078056,0,0.00416867,0
0641-EVBOJ,1,0.500751951679721,0,0.3867503044868569,0,0.2966298,0
3594-UVONA,0,0.09464796278303665,0,0.16832104148728066,0,0.05334552,1
6242-SGYTS,0,0.10427765121863329,0,0.1967672151041737,0,0.058193907,0
7301-ABVAD,0,0.021556822007310118,0,0.13497458129579462,0,0.0010510155,0
2931-FSOHN,0,0.3669660675582668,0,0.3849594775005377,0,0.35823643,0
1095-WGNGG,0,0.11088806714804621,0,0.23609542731017272,0,0.008714728,0
4376-KFVRS,0,0.04615388872788556,0,0.12059524373278005,0,0.012051054,0
8819-IMISP,0,0.4452302497299257,0,0.4103545238693133,1,0.58699375,0
8676-OOQEJ,0,0.48223762569455,0,0.36214521585494786,0,0.3533354,0
8739-QOTTN,0,0.20318357426881006,0,0.15346064500726697,0,0.046880465,0
5306-BVTKJ,0,0.047518476988364526,0,0.19090684766613855,0,0.084532656,0
9571-EDEBV,0,0.24916690577971015,0,0.2670363442573682,0,0.14764273,0
2691-NZETQ,1,0.7375757013100241,1,0.530984341760448,1,0.828004,1
8671-KKKOS,0,0.13315280538964336,0,0.24096570352422275,0,0.13450281,0
0756-MPZRL,0,0.051361486970767145,0,0.1673367271258079,0,0.034351967,0
5136-RGMZO,0,0.22678357798793883,0,0.28178212660138935,0,0.2067851,0
1100-DDVRV,0,0.41077688125818346,0,0.32211187371020933,0,0.12625945,0
7134-MJPDY,0,0.22361016661086167,0,0.25367963712794217,0,0.121495076,0
4003-FUSHP,0,0.19354270039737168,0,0.30383369117894504,0,0.24889939,0
0689-NKYLF,1,0.592395422469397,0,0.47316604735781487,1,0.7823723,1
9381-NDKME,0,0.3447223968462891,0,0.31248205404466556,1,0.5675342,1
6429-SHBCB,0,0.32938454656516974,0,0.36294421704214697,0,0.16554213,0
8915-NNTRC,0,0.04271048338623776,0,0.12672958113431873,0,0.017528879,0
4010-YLMVT,0,0.3033388019344833,0,0.2855213464855414,0,0.17109121,0
6900-PXRMS,0,0.4973675660467265,0,0.30690469960645506,0,0.3733386,1
9313-CDOGY,0,0.04880001792948919,0,0.08888329830589393,0,0.12069367,0
9405-GPBBG,0,0.08385379129225308,0,0.18988380294868804,0,0.0600344,0
1820-DJFPH,0,0.008358157396250432,0,0.049906369258871465,0,0.00018707664,0
2378-HTWFW,0,0.3093181359862827,0,0.3197578941359867,0,0.2202398,0
5296-BFCYD,0,0.01016130955257694,0,0.052909702354767114,0,0.00077479787,0
4072-IPYLT,0,0.05546226104190188,0,0.20908086538727072,0,0.034077745,0
2262-SLNVK,1,0.6674957131062815,1,0.548220282826066,1,0.8417999,0
4291-HPAXL,0,0.17615508313696146,0,0.20869193666281835,0,0.46596855,0
7868-TMWMZ,0,0.05334996739876293,0,0.14996976719967534,0,0.017460227,0
1697-LYYYX,0,0.010675042569255687,0,0.058121327686030705,0,0.003902385,0
4365-MSDYN,0,0.16608707061151687,0,0.12776377018482124,0,0.017056761,0
9214-EKVXR,0,0.4833417368167914,0,0.4490330470169226,1,0.5000437,0
5564-NEMQO,1,0.7221767255096158,1,0.5344762469856852,1,0.7873402,1
2697-NQBPF,0,0.4840066245261899,0,0.33547735975959375,0,0.26451176,0
9820-RMCQV,0,0.16101030554774748,0,0.2857881493721549,0,0.18619718,1
3948-KXDUF,0,0.00961963249138682,0,0.1097173267724793,0,0.0042734398,0
2887-JPYLU,0,0.07402493219721547,0,0.25859497884138954,0,0.055626217,0
5600-PDUJF,0,0.2558714192621752,0,0.327447541896621,0,0.2794757,0
8606-CIQUL,0,0.05308888087335004,0,0.12310805635865783,0,0.0012088001,0
5248-RPYWW,0,0.021235348264598764,0,0.10234647229411908,0,0.0017104311,0
8024-XNAFQ,0,0.05032857768765213,0,0.15176548399016,0,0.009594923,0
7103-IPXPJ,0,0.22391727526992738,0,0.23954428118512777,0,0.20117465,0
4329-YPDDQ,0,0.33743792653835497,0,0.2839782352805663,0,0.17330736,0
1702-CCFNJ,0,0.07122313970386973,0,0.19502137994731805,0,0.028972888,0
5446-DKWYW,0,0.12502074977403252,0,0.2448644127487956,0,0.03354242,0
9097-ZUBYC,0,0.1259499423407499,0,0.26599801608222423,0,0.13449901,0
2024-BASKD,1,0.6982019325172868,1,0.5382527270742746,1,0.8149728,1
8947-YRTDV,0,0.09572567134077035,0,0.18112895201285287,0,0.06108235,0
8617-ENBDS,1,0.6941618366939301,0,0.48208254853552546,0,0.45531633,0
2725-KXXWT,1,0.8419938864429091,1,0.5599871102023875,1,0.9156152,1
6418-HNFED,0,0.0218518072286072,0,0.12007997677911524,0,0.056745782,0
4342-HENTK,1,0.7780924311638093,1,0.5695081436458684,1,0.66242564,1
7839-QRKXN,0,0.2792547137997291,0,0.23570160905135143,1,0.6484458,1
6683-VLCTZ,1,0.7469872532267912,0,0.48374884046336014,1,0.9283574,1
6686-YPGHK,0,0.219618452537218,0,0.3228015689991661,0,0.32431036,1
8720-RQSBJ,1,0.5183061928980601,0,0.47629973340590737,1,0.5272174,0
3705-PSNGL,0,0.040764606475721506,0,0.08823956250403771,0,0.010299333,1
3345-PBBFH,0,0.2887007214008354,0,0.3432796375931325,0,0.27452236,0
1709-EJDOX,0,0.006363896197451127,0,0.04733139347033885,0,0.0020072095,0
6557-BZXLQ,0,0.44510911834398276,0,0.4480039793686897,1,0.55765516,0
8129-GMVGI,0,0.005351705856760142,0,0.0475032518337175,0,0.0044917734,0
9838-BFCQT,0,0.006089039102427251,0,0.04091080320345008,0,0.00022478792,0
7184-LRUUR,0,0.08734056996307593,0,0.21804486066224588,0,0.33158138,0
6575-SUVOI,0,0.16653059177262075,0,0.2180816623795629,0,0.090824634,0
2101-RANCD,0,0.39040401121413937,0,0.43758791379041595,1,0.62806535,0
3324-OIRTO,0,0.09859298712341258,0,0.19263757493452552,0,0.02572953,0
8584-KMVXD,0,0.45909813033022484,0,0.4534839384361053,0,0.25278157,0
0002-ORFBO,0,0.1164853155319634,0,0.2192038448817195,0,0.13523288,0
1159-WFSGR,0,0.08179622977816038,0,0.10548262073698039,0,0.25826603,0
2323-ARSVR,0,0.061349964764049955,0,0.16291146049303054,0,0.05979454,0
7130-CTCUS,0,0.16998561708218293,0,0.290478223802233,0,0.16537802,0
8769-KKTPH,0,0.15176405066847548,0,0.2160213527636412,0,0.43723983,0
9927-DSWDF,0,0.3961240615480857,0,0.3325039226651302,0,0.35632497,0
7363-QTBIW,1,0.6802698674126659,1,0.5054865102464695,1,0.85909826,0
8224-KDLKN,0,0.005802009160349231,0,0.04300903486030604,0,0.0013730229,0
1131-ALZWV,0,0.03669354930302452,0,0.0724993355342764,0,0.051738683,0
5183-KLYEM,0,0.054611371536089845,0,0.14777035501939936,0,0.0030136083,0
9117-SHLZX,0,0.4932520590118459,0,0.45035705259714914,1,0.59567875,1
4231-LZUYM,0,0.0071091583600404774,0,0.05171769194643633,0,0.0004918489,0
4931-TRZWN,0,0.33437845396941956,0,0.3582543915578412,0,0.4959114,0
2190-BCXEC,0,0.27306363176650883,0,0.3006047394917689,0,0.40162155,0
1843-TLSGD,0,0.014053183538567986,0,0.05899677477466556,0,0.005357108,0
6133-OZILE,0,0.3150710629845649,0,0.2983980000073869,0,0.34741253,0
8626-PTQGE,0,0.02345497464440064,0,0.11468253706507087,0,0.0011430477,0
6772-WFQRD,0,0.024679533607863128,0,0.07485288281068764,0,0.0029394191,0
8361-LBRDI,0,0.008921820352490457,0,0.054274928403424016,0,0.006400803,0
3926-CUQZX,0,0.48276436666740946,0,0.4432917195402748,0,0.34835318,1
2656-FMOKZ,1,0.5488956021715898,0,0.4629805551941903,0,0.32915986,1
2254-DLXRI,1,0.7233747704233454,1,0.5509054209184394,1,0.9569703,0
8597-CWYHH,0,0.2409515158172026,0,0.29553405437734315,0,0.12168427,0
8231-BSWXX,0,0.12823416322060363,0,0.28258414988463676,0,0.028165836,0
6338-AVWCY,1,0.6667698142599482,0,0.41349085896887156,1,0.5713512,1
0811-GSDTP,0,0.23172676423069394,0,0.30798294627228673,0,0.18904826,0
6112-KTHFQ,0,0.1177654918798277,0,0.1161848307739697,0,0.0055176383,0
9795-SHUHB,0,0.007000849142785749,0,0.1116766814178877,0,0.010744468,0
6857-TKDJV,0,0.006363279734637586,0,0.04300903486030604,0,0.0021428557,0
3902-MIVLE,0,0.013336642899585204,0,0.11360847136558226,0,0.010656834,0
9136-ALYBR,1,0.6065494223570836,0,0.45892934938516716,0,0.4209894,1
4652-NNHNY,1,0.5104035323534101,0,0.41028320189612566,0,0.20327273,1
8388-FYNPZ,0,0.38760850449027384,0,0.3528900225963722,0,0.04584637,0
2716-GFZOR,0,0.18980536300593817,0,0.2613910662250556,0,0.08321102,0
9050-QLROH,1,0.5829629441850642,0,0.4011536019823128,0,0.25130206,1
5997-OPVFA,0,0.0232713190884286,0,0.12000645798074921,0,0.0016303299,0
3955-JBZZM,0,0.4529536863346005,0,0.4445140966451808,0,0.4745413,0
8455-HIRAQ,0,0.24186484488137117,0,0.3434601551531098,0,0.15725198,0
5696-JVVQY,0,0.019145922340671112,0,0.14204237151199955,0,0.035563797,0
6919-ELBGL,0,0.053284806698402826,0,0.12822791032485711,0,0.0034348508,0
9474-PHLYD,0,0.38255618802027896,0,0.38539840604492726,1,0.59184754,1
2616-FLVQC,0,0.006234670161068248,0,0.060603169145530114,0,0.0020731015,0
3926-YZVVX,0,0.033463844383640716,0,0.17682791804883774,0,0.01753871,0
5438-QMDDL,0,0.24965258323618228,0,0.3160528036558104,0,0.40925074,0
9369-XFEHK,0,0.37729254601182927,0,0.3420785769514907,0,0.17453483,1
9142-XMYJH,0,0.04816278944222282,0,0.0836332810920637,0,0.018369483,0
4759-PXTAN,0,0.11041658078777564,0,0.19651100490295267,0,0.042921584,0
4608-LCIMN,0,0.20140665140405173,0,0.30072668427618304,0,0.16273972,0
0616-ATFGB,1,0.6272871741571024,0,0.4804460436841606,1,0.94873965,1
8623-ULFNQ,0,0.3114646999701848,0,0.3048989971885524,0,0.083560176,0
6164-HAQTX,0,0.011872516748773626,0,0.10449691567664418,0,0.001610352,0
3722-WPXTK,1,0.8437278825337265,1,0.5746113163323737,1,0.7774741,1
0679-IDSTG,1,0.7387715824627199,1,0.5409848976886119,1,0.9586277,1
5380-XPJNZ,0,0.020688039556720786,0,0.06984570419255316,0,0.0035198075,0
4779-ZGICK,0,0.009437440692321367,0,0.04253407560495328,0,0.002969119,0
7100-FQPRV,0,0.053415571137756857,0,0.15102337655777354,0,0.1359794,0
2466-FCCPT,0,0.027174610568606875,0,0.07497564390238437,0,0.13664098,0
3787-TRIAL,0,0.330160696247806,0,0.32408730027452726,0,0.08170552,0
9430-NKQLY,0,0.00866035619394207,0,0.04733076151949369,0,0.0002862765,0
2428-ZMCTB,0,0.11245188106035764,0,0.11131411086686839,0,0.031331174,0
6953-PBDIN,0,0.017027973832981536,0,0.12062021456014216,0,0.016131608,0
7153-CHRBV,0,0.023976689315337377,0,0.1333864211422629,0,0.007583609,0
7207-RMRDB,0,0.4164929503354164,0,0.3147955697042218,0,0.21825495,1
2522-AHJXR,0,0.2824434946805647,0,0.245364266956288,0,0.18506986,0
2342-CKIAO,0,0.20247067630566282,0,0.1642030309913688,0,0.044781942,0
6777-TGHTM,0,0.21910422084104256,0,0.23046115659697627,0,0.40176982,1
5146-CBVOE,0,0.2780010353369935,0,0.37302044963280406,0,0.18760353,0
9793-WECQC,0,0.39472054191731965,0,0.3930912419484324,1,0.5584329,0
8480-PPONV,0,0.03504686575453288,0,0.1081766424657865,0,0.00832895,0
1766-GKNMI,1,0.5753048661537477,0,0.4531371356304934,1,0.5816887,0
5357-TZHPP,1,0.7108592554198582,0,0.4885085028535259,1,0.7504888,1
0916-QOFDP,1,0.695234208384272,0,0.4501743037135406,1,0.67512614,0
4137-JOPHL,0,0.06623065009751888,0,0.2137342944456617,0,0.004150826,0
9039-RBEEE,0,0.11529484957185354,0,0.18131779881685756,0,0.11810746,1
5158-RIVOP,0,0.018404778226105995,0,0.0694870390886533,0,0.007530109,0
8401-EMUWF,0,0.11941712113111538,0,0.21778540280906974,0,0.06262934,0
4712-AUQZO,0,0.18388722863153203,0,0.2745423789501668,0,0.09459509,0
0107-WESLM,0,0.36253052463773244,0,0.24084600834178232,1,0.54584605,1
4135-FRWKJ,0,0.048011265172905035,0,0.14665500171549595,0,0.056793556,0
9018-PCIOK,0,0.03367827258646019,0,0.20904907175405701,0,0.038163207,0
1087-UDSIH,0,0.2737145517848675,0,0.17588565588744604,0,0.10307888,1
6374-AFWOX,0,0.00966317706122173,0,0.10493056243088343,0,0.007763805,0
1663-MHLHE,0,0.2141248303071881,0,0.20781810830761502,0,0.11923106,0
6692-UDPJC,0,0.4964300263878956,0,0.356327424127558,0,0.44025952,1
6856-RAURS,1,0.74678571103856,1,0.5341447277719094,1,0.7063571,0
9089-UOWJG,0,0.2447518023205587,0,0.301355109527226,0,0.06936705,0
2386-OWURY,0,0.3495658244027302,0,0.3431144305003101,0,0.084302455,0
3724-UCSHY,0,0.10200561179974092,0,0.10043916430843373,0,0.0040455945,0
1090-ESELR,0,0.020124067196294376,0,0.12876933954780553,0,0.01404362,0
